:020000040800F2
:10000000102900209D010008B1710008C566000894
:10001000AD7100081908000811A0000800000000D8
:10002000000000000000000000000000B18B00088C
:10003000050A00080000000021720008518D000828
:10004000B7010008B7010008B7010008B7010008B0
:10005000B7010008B7010008B7010008B7010008A0
:10006000B7010008B7010008210A0008B70100081D
:100070001D080008B70100082D0800083D08000809
:10008000B70100084D080008B7010008B7010008D3
:10009000B7010008B7010008B7010008B701000860
:1000A000B7010008B7010008B7010008B701000850
:1000B000298E0008B7010008398E0008B701000832
:1000C000B7010008B7010008B7010008B701000830
:1000D00095880008B7010008E59F0008F59F000813
:1000E000B7010008B7010008B7010008B701000810
:1000F000B7010008B7010008B7010008B701000800
:10010000B7010008F1720008B7010008B701000844
:10011000B7010008B7010008498E0008B7010008C0
:10012000B7010008B7010008B70100085D08000822
:10013000B7010008B7010008B7010008B7010008BF
:10014000B7010008B7010008B7010008B7010008AF
:10015000B7010008B7010008B7010008B70100089F
:10016000B7010008B7010008B7010008B70100088F
:10017000B7010008B7010008B7010008000000003F
:10018000B7010008B7010008DFF80CD000F054FAFE
:100190000048004719B2000810290020064880478F
:1001A00006480047FEE7FEE7FEE7FEE7FEE7FEE75C
:1001B000FEE7FEE7FEE7FEE7158E0008890100086E
:1001C0002DE9F05F0546002092469B46884606468C
:1001D000814640241BE0284641464746224600F01F
:1001E000FFF853465A46C01A914110D3114618469B
:1001F000224600F0E6F82D1A67EB01084F4622462A
:100200000120002100F0DDF817EB00094E41201E0F
:10021000A4F10104DFDC484631462A464346BDE8E6
:10022000F09F40EA01039B0703D009E008C9121FB1
:1002300008C0042AFAD203E011F8013B00F8013BA0
:10024000521EF9D27047D2B201E000F8012B491ECC
:10025000FBD270470022F6E710B513460A46044663
:100260001946FFF7F0FF204610BD30B504460020C8
:10027000034600E05B1C934203D2E05CCD5C401B74
:10028000F8D030BD2DE9F04D81EA030404F0004BB5
:1002900021F0004514464FF0000A23F0004150EAD7
:1002A000050220D054EA01021DD0C5F30A570246C8
:1002B000C5F31303C1F31300C1F30A5640F48015CC
:1002C00043F48013A7EB0608101BD64608F2FD384E
:1002D00073EB050002D308F1010801E092185B41BD
:1002E000B8F1000F03DA00200146BDE8F08D0020D0
:1002F0004FF48011064684460EE0171B73EB05078A
:1003000005D3121B63EB050306434CEA010C4908B5
:100310004FEA300092185B4150EA0107EDD152EAF2
:10032000030012D082EA040083EA0501084305D0E5
:10033000101BAB4106D20122002306E000224FF041
:10034000004302E06FF0010253101AEB06004CEB81
:10035000085110EB0A0041EB0B01BDE8F04D00F035
:100360004FB80EB5C10F80EAE0700844CA070021FB
:1003700040F233438DE80E000A460B4600F04FF87A
:1003800003B000BD70B5C1F30A5201F0004500246E
:10039000C1F3130140F2FF3341F480119A4201DAB4
:1003A000002070BD40F233439A42A2F2334203DC94
:1003B000524200F015F800E090402C43F1D040424A
:1003C00070BD202A04DB203A00FA02F100207047B9
:1003D0009140C2F1200320FA03F319439040704783
:1003E000202A04DB203A21FA02F00021704721FA8A
:1003F00002F3D040C2F120029140084319467047F1
:1004000010B5141E73F1000408DA401C41F100011C
:1004100092185B411A4301D120F0010010BD2DE973
:10042000F04D92469B4611B1B1FA81F202E0B0FA6A
:1004300080F220329046FFF7C4FF04460F4640EAA0
:100440000A0041EA0B0153465A46084313D01146AD
:1004500053EA010019D0C8F140025046FFF7C0FF2F
:1004600005460E46504659464246FFF7AAFF084346
:1004700005D0012004E020463946BDE8F08D00207B
:10048000054346EAE0762C4337430A986305E40ABD
:10049000A0EB08000022FD0A44EA47540A3002D5C6
:1004A00000200146E9E7010510196941DDE9084529
:1004B00000196941BDE8F04DA2E72DE9FE4F8046E5
:1004C00081EA0300C00F0C46009021F0004123F0A8
:1004D0000045B8EB0200A94105D2404621469046AE
:1004E0001C460B46024623F00040104347D0270D20
:1004F000C7F30A00C3F30A510290401A0190402842
:100500006BDAC3F3130040F4801B0098924620B1CD
:100510000023D2EB030A63EB0B0B01985946C0F1A1
:1005200040025046FFF74DFF06460D4650465946DD
:10053000019A00F099F810EB08006141002487EA65
:10054000115284EAE7731A4340D0009A62B3019AC9
:10055000012A4FEA075215DC001B61EB02014FF044
:10056000004202EA0752CDE90042001C41F5801129
:1005700032462B46FFF753FF03B0BDE8F08F4046ED
:100580002146F9E7001B61EB0201001C41F58013D5
:1005900000185B412018A2F5001747EB030140EA61
:1005A000D570B6196D4111E06D084FEA360645EA7F
:1005B000C0754FEA0752001B61EB0201001C41F5B8
:1005C000801149084FEA30000019514132462B464C
:1005D00003B0BDE8F04FFFF713BF009801224000C1
:1005E0000023D0EB020263EBE073009821464FEA50
:1005F000E074B8EB000061EB0401E9E783F000432D
:100600005BE781F0004158E730B5041E71F100044A
:1006100004DB4FF00044404264EB0101141E73F10F
:10062000000405DB1C464FF00043524263EB040319
:10063000994208BF904230BD1CB509480090094856
:1006400001900546009C06E0E06840F0010394E854
:10065000070098471034AC42F6D3FFF799FD00002D
:10066000DCDB0008FCDB0008202A06DBCB17203A85
:1006700041FA02F043EAE07306E041FA02F3D040A7
:10068000C2F12002914008431946704782B00190A0
:1006900042F20030C4F2010000900099486820F452
:1006A00040304860019842680099486810434860AB
:1006B00001980168486820F48070486001980168DA
:1006C0000269486840EA0220486001980168486869
:1006D00020F04070486001980168826848681043C3
:1006E000486001980168886820F40060886001987B
:1006F0000168C2688868104388600198806A012197
:10070000C0F60071884219D0FFE701980168886837
:1007100020F07060886001980168826A88681043E0
:10072000886001980168886820F0405088600198CE
:100730000168C26A8868104388600CE0019801680B
:10074000886820F07060886001980168886820F0EF
:1007500040508860FFE701980168886820F0020037
:1007600088600198027E0168886840EA42008860DB
:10077000019890F82000C8B1FFE701980168486827
:1007800040F40060486001980168486820F46040C7
:10079000486001980168426A4EF20000CFF6FF708F
:1007A00000EB423248681043486006E00198016857
:1007B000486820F400604860FFE701980168C86A53
:1007C00020F47000C86201980168C2690020CFF669
:1007D000F07000EB0252C86A1043C86201980168C9
:1007E000886820F400708860019890F830200168D3
:1007F000886840EA4220886001980168886820F48F
:1008000080608860019801684269886840EA8220B7
:10081000886002B070470000FFE7FEE780B542F253
:100820005410C2F2000000F027FD80BD80B542F2F6
:10083000B410C2F2000000F01FFD80BD80B542F28E
:100840009400C2F2000000F017FD80BD80B542F2B6
:10085000F400C2F2000000F00FFD80BD80B542F24E
:100860003400C2F2000000F007FD80BD82B00190AC
:100870000198007810384AF6AB21CAF6AA21A0FBED
:1008800001100009009000994CF65E50C0F600007F
:10089000405C0199C8650098042807D3FFE70199D7
:1008A0000868042262F30900886506E00199086877
:1008B00040F2FF3290438865FFE70198806D02B0F7
:1008C0007047000086B0059000208DF81300059851
:1008D000806A03900598806910BBFFE70398029037
:1008E00003281BD80299DFE801F0020D02180598D1
:1008F00090F82F00C00720B1FFE701208DF813000A
:10090000FFE70CE00598C06AB0F1C07F04D1FFE7B3
:1009100001208DF81300FFE701E000E0FFE745E06C
:1009200005988069B0F5005F25D1FFE70398019035
:1009300003281ED80199DFE801F002060211012008
:100940008DF8130016E0059890F82F00C00720B12D
:10095000FFE701208DF81300FFE70BE00598C06A60
:10096000B0F1C07F04D1FFE701208DF81300FFE74D
:1009700000E0FFE719E003980090032804D3FFE7A5
:100980000098032804D00EE001208DF813000BE03E
:10099000059890F82F00C00720B1FFE701208DF8DF
:1009A0001300FFE700E0FFE7FFE7FFE79DF8130014
:1009B00006B0704784B003900291019200930398AF
:1009C0000168086820F4802008600098039909688D
:1009D000486003988068402809D1FFE7019803998F
:1009E00009688860029803990968C86008E002985D
:1009F000039909688860019803990968C860FFE74E
:100A000004B070477047000081B0009001B070479B
:100A100080B582B00190019809F064FF02B080BDFA
:100A200080B5102000F004FF80BD000080B542F2C8
:100A30002040C2F2000004F04BF842F29030C2F2C3
:100A4000000004F045F870200BF02AFCFFE74FF49B
:100A5000FA7008F0DFF841F20000C4F2020004214D
:100A600001F0DEF810B9FFE772B6FFE7EFE700002C
:100A700085B00390029100200190FFE7039890F861
:100A80003C00012804D1FFE702208DF81300F7E0B5
:100A90000399012081F83C00FFE7FFE70298006816
:100AA0000A281CD3FFE70298008800EB4000A0F161
:100AB0001E01072000FA01F203980168C8689043FC
:100AC000C86002998868098801EB41011E3900FA63
:100AD00001F203980168C8681043C86018E00298E2
:100AE000008800EB4001072000FA01F2039801683A
:100AF00008699043086102998868098801EB4101FF
:100B000000FA01F203980168086910430861FFE7E1
:100B10000298406806281BD8FFE70298406800EB5F
:100B20008000411F1F2000FA01F203980168486B02
:100B30009043486302990888496801EB81010539AF
:100B400000FA01F203980168486B104348633DE0E6
:100B5000029840680C281CD8FFE70298406800EB18
:100B60008000A0F123011F2000FA01F20398016820
:100B7000086B9043086302990888496801EB81017A
:100B8000233900FA01F203980168086B10430863E7
:100B90001BE00298406800EB8000A0F141011F209B
:100BA00000FA01F203980168C86A9043C86202998A
:100BB0000888496801EB8101413900FA01F2039884
:100BC0000168C86A1043C862FFE7FFE742F20030DD
:100BD000C4F2010000900398006842F20001C4F2E0
:100BE000010188420BD1FFE702980068122806D164
:100BF000FFE70099486840F480004860FFE70398E9
:100C0000006842F20001C4F2010188422ED1FFE7E0
:100C100002980068102805D0FFE7029800681128A4
:100C200024D1FFE70099486840F40000486002982A
:100C30000068102819D1FFE740F20400C2F200005A
:100C400000684DF68361C4F21B31A0FB0110800CDB
:100C500000EB800040000190FFE7019820B1FFE722
:100C6000019801380190F8E7FFE7FFE7FFE70399F4
:100C7000002081F83C00FFE700208DF81300FFE71B
:100C80009DF8130005B0704781B000900098006C8B
:100C900001B0704781B0009000980068C06C01B04E
:100CA0007047000080B584B0029000208DF80700E6
:100CB000029820B9FFE701208DF80F0042E002986A
:100CC000806A0121C0F60071884201D0FFE7FFE78A
:100CD0000298006C50B9FFE7029800F037F80299CB
:100CE00000204864029981F83C00FFE70298006CFC
:100CF000C006002817D4FFE70298006C40F00200FD
:100D000020F48850029908640298FFF7BFFC02990A
:100D1000002048640298006C40F0010020F00200BE
:100D20000299086403E001208DF80700FFE7FFE760
:100D30000299002081F83C00FFE79DF807008DF83C
:100D40000F00FFE79DF80F0004B080BD80B588B0AC
:100D50000790002006900590049003900290079859
:100D6000006842F20001C4F20101884230D1FFE77D
:100D7000FFE70020019043F64400C4F2020001683E
:100D800041F480710160006800F480700190019866
:100D9000FFE7FFE70020009043F63000C4F20200B6
:100DA000016841F004010160006800F00400009057
:100DB0000098FFE708200290032003900020049091
:100DC00040F60000C4F2020002A900F04DFDFFE76A
:100DD00008B080BD80B584B00290019100200090E1
:100DE0000298006880684005002816D5FFE7029841
:100DF00000688068C00500280FD5FFE70299086CDD
:100E000040F020000864FFE70299002081F83C00D0
:100E1000FFE701208DF80F006DE000F031FF00903A
:100E2000FFE702980068006800F00200022829D05D
:100E3000FFE70198013020B3FFE7019840B1FFE7D9
:100E400000F01EFF0099401A0199884218D9FFE767
:100E500002980068006800F0020002280FD0FFE747
:100E60000299086C40F004000864FFE70299002032
:100E700081F83C00FFE703208DF80F003BE0FFE71F
:100E8000FFE7CEE7029801686FF012000860029950
:100E9000086C40F40070086402980068806810F0E4
:100EA000405F24D1FFE70298007E00BBFFE7029875
:100EB0000068C06A10F4700F07D0FFE7029800685E
:100EC00080684005002812D4FFE70299086C20F4DE
:100ED000807008640298006CC004002806D4FFE704
:100EE0000299086C40F001000864FFE7FFE700206A
:100EF0008DF80F00FFE79DF80F0004B080BD0000E3
:100F000084B0029000200190FFE7029890F83C0026
:100F1000012804D1FFE702208DF80F00D4E00299E8
:100F2000012081F83C00FFE7FFE702980068806835
:100F3000C007F0B9FFE702980168886840F0010037
:100F4000886040F20400C2F2000000684DF6836140
:100F5000C4F21B31A0FB0110800C00EB400001909B
:100F6000FFE7019820B1FFE7019801380190F8E709
:100F7000FFE7029800688068C007002800F09580AD
:100F8000FFE70298006C40F4807040F201618843F2
:100F9000029908640298006840684005002809D555
:100FA000FFE70298006C40F4805020F40050029952
:100FB0000864FFE70298006CC004002806D5FFE72C
:100FC0000299486C20F00600486403E00299002072
:100FD0004864FFE7FFE70299002081F83C00FFE743
:100FE00042F20030C4F201000090029801686FF0F4
:100FF0002200086000984068C006E8BBFFE702983E
:10100000006842F20001C4F20101884224D0FFE7E7
:101010000298006842F20011C4F20101884208D12E
:10102000FFE742F20430C4F201000068C00698B144
:10103000FFE70298006842F20021C4F201018842F1
:1010400019D1FFE742F20430C4F20100006800F059
:101050001F000F280FD8FFE702980068806810F083
:10106000405F07D1FFE702980168886840F0804040
:101070008860FFE7FFE717E00298006842F200018E
:10108000C4F2010188420ED1FFE70298006880682F
:1010900010F0405F07D1FFE702980168886840F0D0
:1010A00080408860FFE7FFE70AE00299086C40F0A3
:1010B000100008640299486C40F001004864FFE7A2
:1010C00000208DF80F00FFE79DF80F0004B0704777
:1010D00082B00090FFE7009890F83C00012804D10E
:1010E000FFE702208DF8070024E00099012081F835
:1010F0003C00FFE7FFE700980168886820F00100E6
:101100008860009800688068C00748B9FFE70098C9
:10111000006C40F0010020F4885000990864FFE75B
:10112000FFE70099002081F83C00FFE700208DF8E0
:101130000700FFE79DF8070002B0704780B584B054
:1011400002900298806D019000F09AFD0090029844
:1011500090F8350002280DD0FFE7029980204865FD
:10116000FFE70299002081F83400FFE701208DF8A5
:101170000F0055E002980168086820F0160008602A
:1011800002980168486920F0800048610298006C6C
:1011900020B9FFE70298806C38B1FFE70298016838
:1011A000086820F008000860FFE7029801680868F6
:1011B00020F001000860FFE7029800680068C0079F
:1011C000C8B1FFE700F05CFD0099401A062811D372
:1011D000FFE70299202048650299032081F8350035
:1011E000FFE70299002081F83400FFE703208DF823
:1011F0000F0015E0E0E70298C16D3F20884001999B
:1012000088600299012081F83500FFE702990020EB
:1012100081F83400FFE7FFE700208DF80F00FFE7BB
:101220009DF80F0004B080BD82B00090009890F847
:101230003500022807D0FFE700998020486501208B
:101240008DF807000EE00099052081F83500009820
:101250000168086820F001000860FFE700208DF8B1
:101260000700FFE79DF8070002B0704781B00090CB
:101270000098406D01B0704780B586B005900020A1
:10128000039040F20400C2F20000006848F2B51179
:10129000C1F64E31A0FB0110800A02900598806DC6
:1012A000019001980068049004980599C96DC840A0
:1012B000000700281AD5FFE7059800680068400776
:1012C000002812D5FFE705980168086820F004009F
:1012D00008600598C16D08208840019988600599CB
:1012E000486D40F001004865FFE7FFE70498059965
:1012F000C96DC840C007A0B1FFE705980068406904
:10130000000600280CD5FFE70598C16D0120884034
:10131000019988600599486D40F002004865FFE733
:10132000FFE704980599C96DC8404007002814D507
:10133000FFE7059800680068800700280CD5FFE7E4
:101340000598C16D04208840019988600599486D11
:1013500040F004004865FFE7FFE704980599C96D70
:10136000C840C006002847D5FFE705980068006818
:10137000000700283FD5FFE70598C16D1020884081
:1013800001998860059800680068400300281AD514
:10139000FFE70598006800680003002809D4FFE70C
:1013A0000598006C20B1FFE70598016C8847FFE7BE
:1013B00008E00598806C20B1FFE70598816C8847AC
:1013C000FFE7FFE716E0059800680068C005002801
:1013D00007D4FFE705980168086820F00800086056
:1013E000FFE70598006C20B1FFE70598016C88477E
:1013F000FFE7FFE7FFE7FFE704980599C96DC840DD
:101400008006002840F18D80FFE70598006800689D
:10141000C006002840F18480FFE70598C16D2020B8
:10142000884001998860059890F83500052834D1E6
:10143000FFE705980168086820F016000860059825
:101440000168486920F0800048610598006C20B967
:10145000FFE70598806C38B1FFE7059801680868D8
:1014600020F008000860FFE70598C16D3F20884024
:10147000019988600599012081F83500FFE70599F9
:10148000002081F83400FFE70598006D20B1FFE7E8
:101490000598016D8847FFE77BE0059800680068C4
:1014A000400300281AD5FFE705980068006800038C
:1014B000002809D4FFE70598406C20B1FFE70598A4
:1014C000416C8847FFE708E00598C06B20B1FFE753
:1014D0000598C16B8847FFE7FFE720E005980068A3
:1014E0000068C005002811D4FFE705980168086866
:1014F00020F0100008600599012081F83500FFE711
:101500000599002081F83400FFE7FFE70598C06BDC
:1015100020B1FFE70598C16B8847FFE7FFE7FFE7CA
:10152000FFE70598406DA0B3FFE70598406DC00741
:1015300030B3FFE70599052081F83500059801686B
:10154000086820F001000860FFE70398013003906D
:101550000299884201D9FFE707E0FFE70598006894
:101560000068C0070028F0D1FFE70599012081F845
:101570003500FFE70599002081F83400FFE7FFE719
:101580000598C06C20B1FFE70598C16C8847FFE75C
:10159000FFE706B080BD000080B586B00490002053
:1015A000039000F06DFB0290049820B9FFE7012042
:1015B0008DF81700A3E00498406A08B1FFE7FFE741
:1015C0000499022081F83500FFE70499002081F892
:1015D0003400FFE704980168086820F00100086003
:1015E000FFE7049800680068C00790B1FFE700F0CB
:1015F00047FB0299401A06280AD3FFE704992020E6
:1016000048650499032081F835008DF8170076E0CD
:10161000E7E70498006800680390039848F23F01E8
:10162000CFF2100108400390049900914868D1F866
:1016300008C0CB680A6940EA0C00184310434A69A5
:1016400010438A691043CA691043096A0143039829
:10165000084303900498406A042808D1FFE70499DE
:10166000C86A096B0143039808430390FFE7039896
:101670000499096808600498006840690390039819
:1016800020F0070003900498416A039808430390F0
:101690000498406A04281AD1FFE70498816A0398E5
:1016A000084303900498C06A80B1FFE70498FFF7ED
:1016B00009F950B1FFE704994020486504990120D9
:1016C00081F835008DF8170019E0FFE7FFE7039870
:1016D0000499096848610498FFF7C8F801900498D4
:1016E000C16D3F20884001998860049900204865B9
:1016F000049A012182F835108DF81700FFE79DF854
:10170000170006B080BD000080B588B00690059136
:101710000492039300208DF80B000698806D0190D1
:10172000FFE7069890F83400012804D1FFE7022073
:101730008DF81F0045E00699012081F83400FFE78D
:10174000FFE7069890F8350001282BD1FFE70699AE
:10175000022081F835000699002048650698059911
:10176000049A039BFFF726F90698C16D3F20884035
:101770000199886006980168086840F016000860C2
:101780000698006C38B1FFE706980168086840F0D9
:1017900008000860FFE706980168086840F001004B
:1017A000086009E0FFE70699002081F83400FFE7B0
:1017B00002208DF80B00FFE79DF80B008DF81F004D
:1017C000FFE79DF81F0008B080BD000080B584B021
:1017D000039000F055FA02900398019001980130AF
:1017E00048B1FFE740F20E00C2F200000178019814
:1017F00008440190FFE7FFE700F042FA0299401A1F
:101800000199884201D2FFE7F6E704B080BD0000ED
:1018100080B582B0ADF80600BDF80600102805D1ED
:10182000FFE7BDF8060009F06DFEFFE702B080BDDE
:1018300080B582B0ADF8060043F61440C4F2010052
:101840000068BDF8061008420CD0FFE7BDF806009E
:1018500043F61441C4F201010860BDF80600FFF729
:10186000D7FFFFE702B080BD8EB00D900C91002035
:101870000A90099008900B90FFE70B980F2800F250
:10188000CC81FFE70B99012088400A900C980068F2
:101890000A990840099009980A99884240F0B8814D
:1018A000FFE70C98406800F00300012807D0FFE72D
:1018B0000C98406800F0030002282FD1FFE70D9834
:1018C000806808900B984100032000FA01F1089805
:1018D000884308900C98C0680B99490000FA01F100
:1018E00008980843089008980D9988600D984068FA
:1018F00008900B99012000FA01F10898884308909C
:101900000C984068C0F300100B9900FA01F1089898
:101910000843089008980D994860FFE70C984068C4
:1019200000F00300032818D0FFE70D98C068089066
:101930000B984100032000FA01F1089888430890B1
:101940000C9880680B99490000FA01F10898084347
:10195000089008980D99C860FFE70C98406800F05F
:101960000300022826D1FFE70D980B996FF00302C0
:1019700002EA51010844006A08900B9800F0070041
:1019800081000F2000FA01F10898884308900C9814
:1019900000690B9901F00701890000FA01F108982C
:1019A0000843089008980D990B9B02EA53021144D2
:1019B0000862FFE70D98006808900B98410003202B
:1019C00000FA01F10898884308900C98406800F0EC
:1019D00003000B99490000FA01F1089808430890A8
:1019E00008980D9908600C9880798007002800F00D
:1019F0000E81FFE7FFE70020079043F64400C4F2A2
:101A00000200016841F480410160006800F48040F8
:101A100007900798FFE70B9820F0030043F60801B2
:101A2000C4F20101405808900B9800F003008100B7
:101A30000F2000FA01F10898884308900D980021C2
:101A4000C4F20201884203D1FFE7002006905EE065
:101A50000D9840F20041C4F20201884203D1FFE731
:101A60000120059050E00D9840F60001C4F20201FB
:101A7000884203D1FFE70220049042E00D9840F62F
:101A80000041C4F20201884203D1FFE70320039022
:101A900034E00D9841F20001C4F20201884203D102
:101AA000FFE70420029026E00D9841F20041C4F2C5
:101AB0000201884203D1FFE70520019018E00D984C
:101AC00041F60001C4F20201884203D1FFE706207B
:101AD00000900AE00D9941F60042C4F2020208208B
:101AE000914208BF07200090FFE700980190FFE7B0
:101AF00001980290FFE702980390FFE70398049093
:101B0000FFE704980590FFE705980690FFE7069821
:101B1000C0B20B9901F00301890000FA01F10898A5
:101B20000843089008980B9921F0030143F6080236
:101B3000C4F20102885043F60840C4F20100006874
:101B4000089009990898884308900C988079C006F5
:101B5000002805D5FFE70999089808430890FFE792
:101B6000089843F60841C4F20101086043F60C40AE
:101B7000C4F2010000680890099908988843089009
:101B80000C9880798006002805D5FFE70999089808
:101B900008430890FFE7089843F60C41C4F201019E
:101BA000086043F60440C4F20100006808900999F7
:101BB0000898884308900C9880798007002805D5FC
:101BC000FFE70999089808430890FFE7089843F64B
:101BD0000441C4F20101086043F60040C4F2010070
:101BE0000068089009990898884308900C988079B3
:101BF000C00728B1FFE70999089808430890FFE754
:101C0000089843F60041C4F201010860FFE7FFE7CE
:101C1000FFE70B9801300B902FE60EB070470000E5
:101C200082B00190ADF8021001980069BDF8021071
:101C3000084204D0FFE701208DF8010003E00020F6
:101C40008DF80100FFE79DF8010002B07047000029
:101C500082B00190ADF802108DF801209DF80100CE
:101C600028B1FFE7BDF802000199886105E0BDF8E1
:101C70000200000401998861FFE702B0704700008C
:101C800042F20C50C2F200000068704740F20E00B1
:101C9000C2F20000027842F20C51C2F20001086860
:101CA000104408607047000080B582B043F60041E0
:101CB000C4F20201086840F400700860086840F44B
:101CC00080600860086840F480700860032000F0BD
:101CD0008BF80020019000F005F800F03BF8019827
:101CE00002B080BD80B582B0009040F20400C2F224
:101CF0000000006840F20E01C2F200010A784FF4C1
:101D00007A71B1FBF2F1B0FBF1F002F069FC20B1A5
:101D1000FFE701208DF8070018E000980F280DD884
:101D2000FFE700994FF0FF30002200F043F80098E1
:101D300040F21001C2F20001086003E001208DF8BA
:101D4000070003E000208DF80700FFE79DF807007B
:101D500002B080BD82B0FFE70020019043F644004E
:101D6000C4F20200016841F480410160006800F49F
:101D7000804001900198FFE7FFE70020009043F6C4
:101D80004000C4F20200016841F080510160006827
:101D900000F0805000900098FFE702B0704700000C
:101DA00080B582B08DF807009DF9070008F032F980
:101DB00002B080BD80B586B08DF817000491039203
:101DC0000020029008F03EF902909DF91700019062
:101DD00002980499039A05F0EDF90146019808F07C
:101DE00039F906B080BD000080B582B0019001983D
:101DF00008F052F902B080BD80B584B00290019124
:101E0000029820B9FFE701208DF80F0021E1019829
:101E100043F60041C4F20201096801F0070188425B
:101E200012D9FFE7019943F60040C4F202000170A5
:101E3000006800F007000199884204D0FFE7012004
:101E40008DF80F0005E1FFE7029800788007002871
:101E50002AD5FFE7029800784007002809D5FFE758
:101E600043F60801C4F20201086840F4E05008603B
:101E7000FFE7029800780007002809D5FFE743F63E
:101E80000801C4F20201086840F460400860FFE7FE
:101E900043F60801C4F20201086820F0F000029A3B
:101EA000926810430860FFE702980078C007002896
:101EB0006ED0FFE702984068012811D1FFE743F692
:101EC0000000C4F20200006800F400310020B0EB12
:101ED000514F04D1FFE701208DF80F00B9E02CE04D
:101EE00002984068022805D0FFE70298406803285E
:101EF00011D1FFE743F60000C4F20200006800F0D1
:101F000000710020B0EB516F04D1FFE701208DF884
:101F10000F009EE010E043F60000C4F202000068EB
:101F200000F002010020B0EB510F04D1FFE70120C7
:101F30008DF80F008DE0FFE7FFE743F60801C4F2DC
:101F40000201086820F00300029A526810430860FA
:101F5000FFF796FE0090FFE743F60800C4F2020088
:101F6000006800F00C0002994968B0EB810F0ED0B8
:101F7000FFE7FFF785FE0099401A41F28931884258
:101F800004D3FFE703208DF80F0062E0E4E7FFE7EA
:101F9000019843F60041C4F20201096801F007010B
:101FA000884212D2FFE7019943F60040C4F20200D2
:101FB0000170006800F007000199884204D0FFE733
:101FC00001208DF80F0044E0FFE7029800784007F9
:101FD00000280CD5FFE743F60801C4F202010868A7
:101FE00020F4E050029AD26810430860FFE702989C
:101FF0000078000700280DD5FFE743F60801C4F27A
:102000000201086820F46040029A126940EAC200A6
:102010000860FFE700F04CF843F60801C4F2020143
:102020000968C9B20A094CF64651C0F60001895C3C
:10203000C84040F20401C2F20001086040F2100002
:10204000C2F200000068FFF74DFE00208DF80F007F
:10205000FFE79DF80F0004B080BD000040F20400CF
:10206000C2F200000068704780B5FFF7F7FF43F643
:102070000801C4F202010968C1F382224CF65651EC
:10208000C0F60001895CC84080BD000080B5FFF744
:10209000E5FF43F60801C4F20201096889B24A0B60
:1020A0004CF65651C0F60001895CC84080BD000066
:1020B00080B586B00020059004900390029043F60E
:1020C0000800C4F20200006800F00C000146019113
:1020D00040B1FFE7019804280AD0FFE701980828DB
:1020E0000CD04FE042F20040C0F2F40002904FE00A
:1020F00041F20020C0F27A00029049E043F6040069
:10210000C4F20200016801F03F010591006840023D
:10211000002813D5FFE743F60400C4F2020000686C
:10212000C0F3881041F20021C0F27A01A0FB010146
:10213000059A0023FEF744F8049012E043F60400E9
:10214000C4F202000068C0F3881042F20041C0F2FD
:10215000F401A0FB0101059A0023FEF731F8049079
:10216000FFE743F60400C4F20200006800F44031C7
:10217000022000EBD130039004980399B0FBF1F0FA
:10218000029005E042F20040C0F2F4000290FFE746
:10219000029806B080BD000080B586B00490049817
:1021A00020B9FFE701208DF8170050E3049800786C
:1021B000C007002800F0A580FFE743F60800C4F23E
:1021C0000200006800F00C00042813D0FFE743F67B
:1021D0000800C4F20200006800F00C0008281ED1BC
:1021E000FFE743F60400C4F2020000684002002842
:1021F00015D5FFE743F60000C4F20200006800F4C2
:1022000000310020B0EB514F08D0FFE70498406840
:1022100020B9FFE701208DF8170018E370E0FFE711
:1022200004984068B0F5803F09D1FFE743F600010C
:10223000C4F20201086840F48030086020E004988D
:102240004068B0F5A02F0DD1FFE743F60001C4F2BE
:102250000201086840F480200860086840F480307B
:1022600008600CE043F60001C4F20201086820F4A3
:1022700080300860086820F480200860FFE7FFE7EE
:10228000FFE704984068E8B1FFE7FFF7F9FC039027
:10229000FFE743F60000C4F20200006800F40031DA
:1022A0000020B0EB514F0CD1FFE7FFF7E9FC039999
:1022B000401A652804D3FFE703208DF81700C6E213
:1022C000E7E71CE0FFF7DCFC0390FFE743F60000C4
:1022D000C4F20200006800F400310020B0EB514F5E
:1022E0000CD0FFE7FFF7CCFC0399401A652804D314
:1022F000FFE703208DF81700A9E2E7E7FFE7FFE714
:10230000FFE7049800788007002840F19680FFE7F7
:1023100043F60800C4F20200006810F00C0F13D05E
:10232000FFE743F60800C4F20200006800F00C006A
:1023300008282CD1FFE743F60400C4F2020000682D
:102340004002002823D4FFE743F60000C4F2020055
:10235000006800F002010020B0EB510F09D0FFE748
:102360000498C068012804D0FFE701208DF8170009
:102370006DE243F60001C4F20201086820F0F800A3
:10238000049A126940EAC2000860FFE754E004982A
:10239000C06870B3FFE70021C4F247210120086044
:1023A000FFF76EFC0390FFE743F60000C4F2020063
:1023B000006800F002010020B0EB510F0CD1FFE7E4
:1023C000FFF75EFC0399401A032804D3FFE70320BC
:1023D0008DF817003BE2E7E743F60001C4F2020183
:1023E000086820F0F800049A126940EAC200086008
:1023F00021E00021C4F2472100200860FFF740FCE3
:102400000390FFE743F60000C4F20200006800F00A
:1024100002010020B0EB510F0CD0FFE7FFF730FCBA
:102420000399401A032804D3FFE703208DF817000F
:102430000DE2E7E7FFE7FFE7FFE704980078000712
:1024400000284BD5FFE70498406918B3FFE740F632
:102450008061C4F2472101200860FFF711FC03905E
:10246000FFE743F67400C4F20200006800F00201C6
:102470000020B0EB510F0CD1FFE7FFF701FC0399EF
:10248000401A032804D3FFE703208DF81700DEE18C
:10249000E7E722E040F68061C4F2472100200860AF
:1024A000FFF7EEFB0390FFE743F67400C4F202006F
:1024B000006800F002010020B0EB510F0CD0FFE7E4
:1024C000FFF7DEFB0399401A032804D3FFE703203C
:1024D0008DF81700BBE1E7E7FFE7FFE70498007816
:1024E0004007002840F1CE80FFE700208DF807006C
:1024F00043F64000C4F202000068C000002815D472
:10250000FFE7FFE70020009043F64000C4F202001E
:10251000016841F080510160006800F08050009037
:102520000098FFE701208DF80700FFE747F2000061
:10253000C4F200000068C005002822D4FFE747F27B
:102540000001C4F20001086840F480700860FFF7E1
:1025500097FB0390FFE747F20000C4F20000006819
:10256000C00500280CD4FFE7FFF78AFB0399401A47
:10257000032804D3FFE703208DF8170067E1EAE79B
:10258000FFE7FFE704988068012809D1FFE743F6D9
:102590007001C4F20201086840F0010008601FE009
:1025A0000498806805280DD1FFE743F67001C4F256
:1025B0000201086840F004000860086840F001006B
:1025C00008600CE043F67001C4F20201086820F0D4
:1025D00001000860086820F004000860FFE7FFE7DA
:1025E000FFE704988068F8B1FFE7FFF749FB039025
:1025F000FFE743F67000C4F20200006800F0020139
:102600000020B0EB510F0ED1FFE7FFF739FB039924
:10261000401A41F28931884204D3FFE703208DF844
:10262000170014E1E5E71EE0FFF72AFB0390FFE740
:1026300043F67000C4F20200006800F002010020BE
:10264000B0EB510F0ED0FFE7FFF71AFB0399401ACA
:1026500041F28931884204D3FFE703208DF8170047
:10266000F5E0E5E7FFE79DF80700012809D1FFE75E
:1026700043F64001C4F20201086820F0805008606F
:10268000FFE7FFE704988069002800F0DC80FFE79F
:1026900043F60800C4F20200006800F00C000828AD
:1026A00000F08580FFE70498806902285CD1FFE78D
:1026B0006021C4F2472100200860FFF7E1FA03908F
:1026C000FFE743F60000C4F20200006800F000716A
:1026D0000020B0EB516F0CD0FFE7FFF7D1FA039960
:1026E000401A032804D3FFE703208DF81700AEE05B
:1026F000E7E70499C869D1F820C04B6A8A6A40EAC2
:102700000C0040EA8310D2034FF6FF739A43A2F500
:1027100080321043C96A40EA016043F60401C4F202
:10272000020108606021C4F2472101200860FFF720
:10273000A7FA0390FFE743F60000C4F20200006826
:1027400000F000710020B0EB516F0CD1FFE7FFF7F4
:1027500097FA0399401A032804D3FFE703208DF862
:10276000170074E0E7E721E06021C4F24721002070
:102770000860FFF785FA0390FFE743F60000C4F214
:102780000200006800F000710020B0EB516F0CD027
:10279000FFE7FFF775FA0399401A032804D3FFE710
:1027A00003208DF8170052E0E7E7FFE74AE00498BE
:1027B0008069012804D1FFE701208DF8170046E069
:1027C00043F60400C4F20200006802900498806995
:1027D000012831D0FFE7029800F480000499C9690C
:1027E000884229D1FFE7029800F03F000499096A66
:1027F000884221D1FFE7029847F6C071084004994A
:10280000496AB0EB811F17D1FFE7029800F440300E
:102810000499896AC9034FF6FF729143A1F580318B
:10282000884209D1FFE7029800F070600499C96AF4
:10283000B0EB016F04D0FFE701208DF8170006E030
:10284000FFE7FFE7FFE700208DF81700FFE79DF89F
:10285000170006B080BD000081B0009001B0704745
:10286000B0B58EB00D900C9100208DF813000D992D
:10287000032081F834000D98406C032830D0FFE726
:102880000C98B0F5805F06D1FFE70D99886B40F09A
:102890008050886323E00C98B0F5006F0AD1FFE701
:1028A0000D9805F05DFF0590059A0D99886B104312
:1028B000886313E00C9850B9FFE70D9805F00AFF04
:1028C0000590059A0D99886B1043886305E00D9972
:1028D000886B40F000608863FFE7FFE7FFE705E0F3
:1028E0000D99886B40F080508863FFE70D98806BEE
:1028F00070B1FFE70D98016840F2FF50C0F2400050
:1029000088630D99012081F834008DF8130023E0CD
:102910000D98406806900D98806807900D98C068E3
:1029200008900C9809900D9840690A900D9880695C
:102930000B900D9800680699079A089BDDF824C053
:102940000A9C0B9DEE46CEF80850CEF80440CEF817
:1029500000C004F0D5FCFFE70D9800684FF400714B
:1029600004F076FD0590059880B1FFE70D980168A9
:1029700040F2FF50C0F240008863059A0D99886BC1
:102980001043886301208DF81300FFE70D990120A3
:1029900081F834009DF813000EB0B0BD80B588B04A
:1029A000069005910492059802900498019006986B
:1029B00090F83400012840F0C880FFE70699002015
:1029C000886301980299884209D2FFE70699886BCB
:1029D00040F00060886301208DF81F00B9E0019885
:1029E0000699C96D884209D9FFE70699886B40F0BE
:1029F0000070886301208DF81F00AAE0069903206B
:102A000081F83400069890F84C008006002813D412
:102A1000FFE70698016840F2FF50C0F2400088636B
:102A20000699886B40F0806088630699012081F8E0
:102A300034008DF81F008CE006980068002104F037
:102A40004BFC8001002813D5FFE70698016840F28F
:102A5000FF50C0F2400088630699886B40F4006024
:102A600088630699012081F834008DF81F0070E01A
:102A70000698406C012807D0FFE7029840020290B8
:102A8000019840020190FFE70698406C032839D076
:102A9000FFE706980068029904F0BCFD03900398D4
:102AA00098B1FFE70698016840F2FF50C0F240007D
:102AB0008863039A0699886B1043886306990120FE
:102AC00081F834008DF81F0043E0069800680199F2
:102AD00004F082FD0390039898B1FFE7069801681F
:102AE00040F2FF50C0F240008863039A0699886B59
:102AF000104388630699012081F834008DF81F0087
:102B000027E0FFE70698006804F0DEFC03900398D6
:102B100098B1FFE70698016840F2FF50C0F240000C
:102B20008863039A0699886B10438863069901208D
:102B300081F834008DF81F000BE00699012081F820
:102B4000340000208DF81F0003E002208DF81F00E4
:102B5000FFE79DF81F0008B080BD000081B0009025
:102B600001B0704782B001900091019890F8770011
:102B7000009908700198406F000A009948800199F7
:102B8000486F896F000640EA11200099486001985B
:102B9000806F00990872019890F87F000099487240
:102BA0000198C16F90F8830040EA01200099C86045
:102BB0000198D0F88000C0F3035000990874019880
:102BC000D0F88000C0F30B2000994882019890F85B
:102BD0008000400800990875009901204875002080
:102BE00002B0704783B0019000910198406E800F51
:102BF000009908700198406EC0F383600099487096
:102C00000198406EC0F30160009988700198B0F897
:102C100066000099C8700198406E000A009908711A
:102C20000198406E009948710198806E000D0099DE
:102C3000C8800198806EC0F3034000990872019823
:102C4000B0F86800C00B009948720198806EC0F31C
:102C50008030009988720198806EC0F340300099EE
:102C6000C8720198806EC0F3003000990873009913
:102C7000002048730198406C00284BD1FFE7019970
:102C8000886EC96E6FF39F20800040EA91700099B2
:102C900008610198C06EC0F3C26000990875019880
:102CA000C06EC0F30260009948750198C06EC0F311
:102CB0004250009988750198C06EC0F38240009917
:102CC000C8750198C06EC0F3C230009908760098AC
:102CD00000690130019948650098007E00F0070006
:102CE000811C012000FA01F3019A516D594351658D
:102CF0000099097A01F00F018840019988650199CE
:102D0000486D8A6D520A5043C86501994FF40070AE
:102D1000086635E00198406C01281DD1FFE7019855
:102D2000816E01F03F01B0F86E0040EA0140009969
:102D30000861009801694FF4806000EB81200199DF
:102D400048650199486DC86501994FF40070886520
:102D50000199886D086612E00198016840F2FF5001
:102D6000C0F2400088630199886B40F0805088630E
:102D70000199012081F834008DF80B0073E0FFE722
:102D80000198C06EC0F38030009948760198C06EFB
:102D9000C0F3C610009988760198C06E00F07F00DD
:102DA0000099C8760198006FC00F009908770198C4
:102DB000006FC0F34170009948770198006FC0F32D
:102DC0008260009988770198006FC0F38350009962
:102DD000C8770198006FC0F34050009981F8200037
:102DE0000099002081F821000199096FC1F3004189
:102DF000009A82F822100199B1F87010C90B009A5C
:102E000082F823100199096FC1F38031009A82F88A
:102E100024100199096FC1F34031009A82F82510FE
:102E20000199096FC1F30031009A82F826100199C7
:102E3000096FC1F38121009A82F827100199096F67
:102E4000C1F30121009A82F82810019991F87010BD
:102E50004908009A82F82910009A012182F82A1064
:102E60008DF80B00FFE79DF80B0003B070470000E2
:102E700080B584B00390002000900398694605F067
:102E800001FC0190019830B1FFE7019A0399886B2A
:102E900010438863FFE70098C0F343200290029834
:102EA00004B080BD80B594B01390129100208DF8CD
:102EB0000300139802A905F00DFB0190019898B149
:102EC000FFE71398016840F2FF50C0F240008863AA
:102ED000019A1399886B104388631399012081F834
:102EE00034008DF803003BE09DF80800800912993A
:102EF00008700298C0F3401012994870029901F4CA
:102F00007F00000A40EA1160129948800399080680
:102F100001F47F4240EA022001F47F0240EA1220DD
:102F200040EA116012994860049812990872049856
:102F3000000A129948720498C0F3035012998872DB
:102F4000BDF8130040BA12998881BDF81400800AB8
:102F5000129988730598C0F301201299C873FFE78E
:102F6000139800684FF4007104F072FA0190019810
:102F700088B1FFE71398016840F2FF50C0F24000AB
:102F800088630198139988631399012081F83400AC
:102F90008DF80300FFE79DF8030014B080BD00002A
:102FA00080B584B003900398006B0190039800688B
:102FB000406B81B20020B0EBD13F0AD0FFE79DF813
:102FC00004000007002804D5FFE7039805F034FA51
:102FD00087E103980068406B00F480710020B0EB3B
:102FE000112F00F09280FFE7039801684FF4807082
:102FF000886303980168C86B4CF23A329043C86307
:1030000003980168C86A20F00100C8629DF80400B6
:10301000000700283ED5FFE79DF804008007002840
:1030200006D4FFE79DF804008006002812D5FFE7CC
:103030000398006804F0D0FB0290029848B1FFE7C3
:10304000029A0399886B104388630398FFF786FD03
:10305000FFE7FFE70398016840F23A50886303995D
:10306000012081F834000399002008639DF80400D2
:10307000C00730B9FFE79DF804008007002804D599
:10308000FFE7039800F0A6FC03E0039800F0A6FC1D
:10309000FFE739E09DF804000006002832D5FFE77D
:1030A0009DF804008006002812D5FFE70398006809
:1030B00004F092FB0290029848B1FFE7029A03994C
:1030C000886B104388630398FFF748FDFFE7FFE72D
:1030D0009DF80400C007A0B9FFE79DF80400800731
:1030E00000280ED4FFE703980168C86A20F00800A2
:1030F000C8620399012081F83400039800F06EFC47
:10310000FFE700E0FFE7FFE7EAE003980068406BB5
:1031100000F480410020B0EB913F0AD0FFE79DF81A
:1031200004000007002804D5FFE7039805F05EFBC4
:10313000D5E003980068406B40F23A21084200F065
:10314000CC80FFE703980068406B00F0020100208C
:10315000B0EB510F06D0FFE70399886B40F00200F7
:103160008863FFE703980068406B00F008010020C7
:10317000B0EBD10F06D0FFE70399886B40F0080051
:103180008863FFE703980068406B00F0200100208F
:10319000B0EB511F06D0FFE70399886B40F0200089
:1031A0008863FFE703980068406B00F0100100207F
:1031B000B0EB111F06D0FFE70399886B40F01000B9
:1031C0008863FFE703980068406B00F400710020FB
:1031D000B0EB512F06D0FFE70399886B40F0080051
:1031E0008863FFE70398016840F23A7088630398A8
:1031F0000168C86B40F23A329043C8630398006894
:1032000004F0EAFA02460399886B104388639DF83C
:103210000400000700280BD5FFE70399012081F87F
:1032200034000399002008630398FFF797FC53E0EC
:103230009DF80400000600284CD5FFE79DF8040027
:10324000C006002806D4FFE79DF804008006002889
:1032500013D5FFE70398C16B47F66570C0F6000011
:1032600008650398C06BFDF7DFFF28B1FFE70398FF
:10327000C06B04F077FEFFE72BE09DF80400C00769
:1032800030B9FFE79DF804008007002813D5FFE759
:103290000398016C47F6DD60C0F6000008650398EE
:1032A000006CFDF7C1FF28B1FFE70398006C04F044
:1032B00015FEFFE70CE0039900208863039A0121C3
:1032C00082F83410039908630398FFF7C5FAFFE703
:1032D000FFE700E0FFE7FFE700E0FFE7FFE7FFE7CA
:1032E000FFE704B080BD000080B582B00090009878
:1032F00020B9FFE701208DF8070024E0009890F83E
:10330000340038B9FFE7009900200877009800F0F2
:1033100099F8FFE70099032081F83400009800F045
:1033200017F820B1FFE701208DF807000BE00099A6
:103330000020886300990863009A012182F8341004
:103340008DF80700FFE79DF8070002B080BD000080
:10335000B0B58EB00C9000200390059006900790B9
:103360000890099076200A900C9800680599069AB2
:10337000079BDDF820C0099C0A9DEE46CEF8085058
:10338000CEF80440CEF800C003F0BAFF039848F22C
:10339000A001C4F22521049108600C98006803F094
:1033A000DDFF0499012008600220FEF70FFA0C9857
:1033B00004F0A2FF0B900B9860B1FFE70C9901207D
:1033C00081F834000B9B0C9A916B194391638DF833
:1033D000370033E00C9804F0C9FE0B900B9860B1F5
:1033E000FFE70C99012081F834000B9B0C9A916B3C
:1033F000194391638DF8370020E00C9800684FF472
:10340000007104F025F80B900B9898B1FFE70C9829
:10341000016840F2FF50C0F2400088630B9A0C999B
:10342000886B104388630C99012081F834008DF873
:10343000370003E000208DF83700FFE79DF83700E4
:103440000EB0B0BD80B592B01190002010900F90DA
:103450000E900D900C901198006842F60041C4F255
:103460000101884240F0AA80FFE7FFE700200B90AF
:1034700043F64400C4F20200016841F400610160B7
:10348000006800F400600B900B98FFE7FFE7002056
:103490000A9043F63000C4F20200016841F00401D2
:1034A0000160006800F004000A900A98FFE7FFE757
:1034B0000020099043F63000C4F20200016841F098
:1034C00008010160006800F0080009900998FFE712
:1034D0004FF4F8500C90022002900D9000200590BF
:1034E0000E90032007900F900C200390109040F650
:1034F0000000C4F202000CA90491FEF7B5F9DDF852
:1035000008C003980499059B079A4FF0040ECDF864
:1035100018E0CDF830E0CDF834C00E930F92109043
:1035200040F60040C4F20200FEF79EF9059B069AA1
:10353000079942F23400C2F20000089046F2584C5B
:10354000C4F2020CC0F800C04FF0006CC0F804C018
:103550004FF0400CC0F808C0C3604FF480630361B3
:103560004FF4805343614FF4804383612023C36150
:103570004FF400330362426281624FF40001C16282
:103580004FF400110163FEF707F818B1FFE7FDF7EC
:103590004DFAFFE7FFE7119842F23401C2F2000151
:1035A000C16311988863FFE7312001900321002255
:1035B000FEF700FC0198FEF7F3FBFFE712B080BDB9
:1035C00080B594B0DDF858C01290119110920F930D
:1035D000FEF756FB079010980390119802901198EF
:1035E00048B9FFE71299886B40F0006088630120BA
:1035F0008DF84F00EAE1129890F83400012840F06D
:10360000DC81FFE712990020886303980F99084432
:103610001299C96D884209D9FFE71299886B40F069
:103620000070886301208DF84F00CFE112990320CC
:1036300081F83400129801680020C8621298406C2A
:10364000012804D0FFE7039840020390FFE74FF002
:10365000FF3009900F9840020A9090200B900220B2
:103660000C9000200D9001200E901298006809A97E
:1036700003F0FEFD0F9802280AD3FFE712990220FB
:10368000086312980068039903F06AFF089009E044
:1036900012990120086312980068039903F07EFFD5
:1036A0000890FFE70898B0B1FFE71298016840F270
:1036B000FF50C0F240008863089A1299886B10434B
:1036C00088631299012081F83400129A0021116355
:1036D0008DF84F007AE10A980490FFE7129800688D
:1036E000406B40F22A31084266D1FFE71298006829
:1036F000406B000400283CD5FFE70498C8B3FFE7FF
:1037000000200690FFE70698072831D8FFE71298B7
:10371000006803F02BFE0590059802990870029846
:10372000013002900498013804900598000A02992B
:103730000870029801300290049801380490BDF896
:10374000160002990870029801300290049801381E
:1037500004909DF8170002990870029801300290B9
:10376000049801380490FFE7069801300690CAE7F4
:10377000FFE7FEF785FA0799401A1699884203D2A7
:10378000FFE71698B8B9FFE71298016840F2FF50BA
:10379000C0F2400088631299886B40F00040886353
:1037A0001299012081F83400129900200863032047
:1037B0008DF84F000AE191E712980068406BC00550
:1037C000002829D5FFE70F98022825D3FFE7129894
:1037D000406C03281FD0FFE71298006803F0FCFF3D
:1037E00008900898B0B1FFE71298016840F2FF50C6
:1037F000C0F240008863089A1299886B104388636E
:103800001299012081F83400129A002111638DF879
:103810004F00DBE0FFE7FFE712980068406B00070E
:10382000002807D4FFE712980068406B8005002845
:1038300016D5FFE71298016840F2FF50C0F2400031
:1038400088631299886B40F0080088631299012000
:1038500081F83400129A002111638DF84F00B5E011
:1038600012980068406B8007002816D5FFE7129871
:10387000016840F2FF50C0F2400088631299886BE3
:1038800040F0020088631299012081F83400129AF6
:10389000002111638DF84F0098E012980068406B8A
:1038A0008006002816D5FFE71298016840F2FF5005
:1038B000C0F2400088631299886B40F02000886352
:1038C0001299012081F83400129A002111638DF8B9
:1038D0004F007BE0FFE7FFE7FFE7FFE71298006894
:1038E000416B002089020029019006D5FFE704986A
:1038F000002818BF01200190FFE70198C0070028A9
:103900004ED0FFE71298006803F030FD059005984F
:1039100002990870029801300290049801380490CE
:103920000598000A029908700298013002900498E4
:1039300001380490BDF81600029908700298013011
:1039400002900498013804909DF8170002990870BD
:10395000029801300290049801380490FEF790F923
:103960000799401A1699884203D2FFE71698B0B912
:10397000FFE71298016840F2FF50C0F240008863F0
:103980001299886B40F0004088631299012081F8F9
:103990003400129A002111638DF84F0016E09DE764
:1039A0001298016840F23A5088631299012081F818
:1039B000340000208DF84F0008E01299886B40F029
:1039C0000050886301208DF84F00FFE79DF84F00FD
:1039D00014B080BD81B0009001B0704781B00090FC
:1039E0000098006842F21421C2F20001096888427E
:1039F00007D1FFE740F20A01C2F20001012008707E
:103A0000FFE701B07047000080B58EB00C900B91BD
:103A10000A9209930A9801900B9848B9FFE70C990C
:103A2000886B40F00060886301208DF83700D3E098
:103A30000C9890F83400012840F0CA80FFE70C99F8
:103A4000002088630198099908440C99C96D88423F
:103A500009D9FFE70C99886B40F00070886301205A
:103A60008DF83700B8E00C99032081F834000C98E9
:103A700001680020C8620C990A68D16B40F21A23D1
:103A80001943D1630C99CA6B47F64971C0F600011E
:103A9000D1630C99CA6B47F63961C0F60001D16455
:103AA0000C99C96B08650C98406C012804D0FFE79D
:103AB000019840020190FFE7099802280AD3FFE726
:103AC0000C99A02008630C980068019903F0A2FEED
:103AD000029009E00C99902008630C980068019905
:103AE00003F0B6FE0290FFE70298B0B1FFE70C9832
:103AF000016840F2FF50C0F240008863029A0C99BE
:103B0000886B104388630C99012081F834000C9A6B
:103B1000002111638DF837005EE048F28C51C4F249
:103B20002521012008600C98C16B402088600C980A
:103B3000C06B0068006820F0C0000C99CA6B116867
:103B40009268104308600C980268C06B0B99803231
:103B5000DDF824C04FF68073C3F6FF7303EACC137D
:103B6000FDF7D2FDE8B1FFE70C980168C86B40F2A1
:103B70001A229043C8630C98016840F2FF50C0F2CB
:103B8000400088630C99886B40F0804088630C99F2
:103B9000012081F834000C9A002111638DF8370060
:103BA0001AE04FF0FF3003900998400204909020F3
:103BB00005900020009006900790012008900C9836
:103BC000006803A903F054FB00988DF8370003E068
:103BD00002208DF83700FFE79DF837000EB080BD5A
:103BE00081B0009001B0704780B588B00790079809
:103BF00000684068069007980068806805909DF806
:103C0000140000F040010020B0EB911F11D1FFE73C
:103C10000598C00768B1FFE79DF8180000F0400163
:103C20000020B0EB911F04D0FFE70798016C884794
:103C3000F0E09DF8140000F002010020B0EB510FFD
:103C40000BD0FFE79DF818100020B0EBD11F04D077
:103C5000FFE70798416C8847DCE09DF8140000F00E
:103C600020010020B0EB511F10D1FFE79DF8140098
:103C700000F040010020B0EB911F07D1FFE79DF855
:103C80001500C007002800F0C580FFE79DF8180068
:103C900000F020010020B0EB511F00F0BB80FFE7D7
:103CA0009DF8140000F040010020B0EB911F28D0D7
:103CB000FFE7079890F85100032813D0FFE7079912
:103CC000486D40F004004865FFE700200490079825
:103CD0000068C068049007980068806804900498A1
:103CE000FFE70DE0FFE70020039007980068C06839
:103CF000039007980068806803900398FFE789E0C5
:103D0000FFE79DF8140000F020010020B0EB511FE8
:103D100015D0FFE70799486D40F001004865FFE7BF
:103D20000020029007980068806802900798016858
:103D3000086820F0400008600298FFE7FFE79DF860
:103D40001500C00778B1FFE70799486D40F00800FB
:103D50004865FFE70020019007980068806801909F
:103D60000198FFE7FFE70798406D002851D0FFE773
:103D700007980168486820F0E00048600799012032
:103D800081F85100069800F00200022805D0FFE7F4
:103D90009DF81800C007B8B3FFE7079801684868A6
:103DA00020F0030048600798C06CA0B1FFE70798B7
:103DB000C16C48F6A500C0F6000008650798C06C05
:103DC000FDF732FA30B1FFE70799486D40F0400047
:103DD0004865FFE7FFE70798806CA0B1FFE7079809
:103DE000816C48F6A500C0F6000008650798806C55
:103DF000FDF71AFA30B1FFE70799486D40F040002F
:103E00004865FFE7FFE703E00798FFF7E9FEFFE7F4
:103E1000FFE7FFE708B080BD80B584B0029002984C
:103E200020B9FFE701208DF80F0071E00298406A89
:103E300060B9FFE702984068B0F5827F01D1FFE7E3
:103E400003E002990020C861FFE705E00299002025
:103E5000086102994861FFE7029900208862029890
:103E600090F8510040B9FFE70299002081F8500016
:103E7000029800F051F8FFE70299022081F8510002
:103E800002980168086820F040000860029A0192D8
:103E900011685068D2F808C0D36800F482700CF43E
:103EA000044C604403F400631844136903F00203F4
:103EB0001844536903F001031844936903F4007331
:103EC0001844D36903F038031844136A03F08003DD
:103ED0001843926A02F4005210430860029A508B11
:103EE00000F004001168526A02F0100210444860A9
:103EF00002980168C86920F40060C8610299002036
:103F00004865029A012182F851108DF80F00FFE7F1
:103F10009DF80F0004B080BD80B58EB00D900020DC
:103F20000C900B900A90099008900D98006843F24D
:103F30000001C4F20101884233D1FFE7FFE700200E
:103F4000079043F64400C4F20200016841F4805136
:103F50000160006800F4805007900798FFE7FFE7D2
:103F60000020069043F63000C4F20200016841F0E0
:103F700001010160006800F0010006900698FFE76B
:103F8000E02008900220099000200A9003200B9066
:103F900005200C900020C4F2020008A9FDF764FC83
:103FA00072E00D98006843F60001C4F200018842F7
:103FB00069D1FFE7FFE70020059043F64000C4F217
:103FC0000200016841F480410160006800F4804013
:103FD00005900598FFE7FFE70020049043F63000C6
:103FE000C4F20200016841F002010160006800F0C3
:103FF000020004900498FFE74FF46040089002200C
:104000000990002002900A9003200B9005200C904C
:1040100040F20040C4F2020008A9FDF725FC029915
:1040200042F29400C2F20000039046F27002C4F221
:1040300002020260416040228260C1604FF48062EF
:10404000026141618161C1614FF4003202624162EB
:10405000FDF7A2FA18B1FFE7FCF7E8FCFFE7FFE77E
:104060000D9842F29401C2F2000181640D988863B8
:10407000FFE72420019001210022FDF79BFE01981B
:10408000FDF78EFEFFE7FFE70EB080BD80B58CB078
:10409000DDF838C00A9009910892ADF81E30012071
:1040A0000390FDF7EDFD04900A9890F851008DF80B
:1040B00017000A9840680690BDF81E00ADF81C0075
:1040C0009DF81700012812D0FFE70698B0F5827F0F
:1040D00009D1FFE70A98806828B9FFE79DF8170023
:1040E000042804D0FFE702208DF82F009BE10998F7
:1040F00038B1FFE7089820B1FFE7BDF81E0020B9EE
:10410000FFE701208DF82F008DE1FFE70A9890F876
:104110005000012804D1FFE702208DF82F0082E132
:104120000A99012081F85000FFE7FFE70A9890F80C
:104130005100042805D0FFE70A99052081F85100B5
:10414000FFE70A990020486508990A9A9163BDF82B
:104150001E100A9AD187BDF81E100A9A91870999F4
:104160000A9A1163BDF81E100A9AD186BDF81E1076
:104170000A9A91860A9908640A9948640A9800681C
:10418000006800F04000402807D0FFE70A98016867
:10419000086840F040000860FFE70A98C068B0F582
:1041A000006F40F08180FFE70A98406828B1FFE780
:1041B000BDF81C0001280ED1FFE70A980168006BCA
:1041C0000088C8600A99086B023008630A99C88E93
:1041D0000138C886FFE7FFE70A98C18E01200190E9
:1041E00039B9FFE70A98C08F002818BF0120019055
:1041F000FFE70198C007002855D0FFE70A9800683C
:1042000080688007002818D5FFE70A98C08EA0B103
:10421000FFE70398012810D1FFE70A980168006BB7
:104220000088C8600A99086B023008630A99C88E32
:104230000138C88600200390FFE70A98006880686C
:10424000C007A8B1FFE70A98C08F88B1FFE70A98B6
:104250000068C0680A99896B08800A99886B0230E7
:1042600088630A99C88F0138C88701200390FFE747
:10427000FDF706FD0499401A0E99884212D3FFE714
:104280000E98013070B1FFE70A99012081F85100C2
:10429000FFE70A99002081F85000FFE703208DF81E
:1042A0002F00C0E098E782E00A98406828B1FFE755
:1042B000BDF81C0001280ED1FFE70A980168006BC9
:1042C000007808730A99086B013008630A99C88E50
:1042D0000138C886FFE7FFE70A98C18E01200090E9
:1042E00039B9FFE70A98C08F002818BF0120009055
:1042F000FFE70098C007002858D0FFE70A98006839
:1043000080688007002818D5FFE70A98C08EA0B102
:10431000FFE70398012810D1FFE70A980168006BB6
:10432000007808730A99086B013008630A99C88EEF
:104330000138C88600200390FFE70A98006880686B
:10434000C007A8B1FFE70A98C08F88B1FFE70A98B5
:104350000068C0680A99896B08700A99886B0130F7
:1043600088630A99C88F0138C88701200390FFE746
:10437000FDF786FC0499401A0E99884204D3FFE7A2
:104380000E98013018B9FFE70E9870B9FFE70A9947
:10439000012081F85100FFE70A99002081F85000C0
:1043A000FFE703208DF82F003DE095E7FFE70A982F
:1043B0000E99049A04F000FB68B1FFE70A992020E7
:1043C0004865FFE70A99002081F85000FFE70120C7
:1043D0008DF82F0027E00A98806870B9FFE7FFE7A3
:1043E000002002900A980068C06802900A9800684D
:1043F000806802900298FFE7FFE70A99012081F8A0
:104400005100FFE70A99002081F85000FFE70A9861
:10441000406D20B1FFE701208DF82F0003E0002060
:104420008DF82F00FFE79DF82F000CB080BD000035
:1044300080B584B002900191ADF80220029890F806
:104440005100012804D0FFE702208DF80F00A1E001
:10445000019820B1FFE7BDF8020020B9FFE7012075
:104460008DF80F0096E0FFE7029890F850000128C1
:1044700004D1FFE702208DF80F008BE002990120A4
:1044800081F85000FFE7FFE70299032081F851000F
:104490000299002048650199029A1163BDF8021043
:1044A000029A9186BDF80210029AD1860299886319
:1044B0000299486402990864029988870299C8871A
:1044C00002988068B0F5004F0DD1FFE702980168AF
:1044D000086820F04000086002980168086840F40D
:1044E00080400860FFE70298816C48F6F900C0F64A
:1044F000000008640298816C48F61110C0F60000B4
:10450000C8630298816C48F6C500C0F60000C86414
:104510000298816C00200865029B1A68196B986CE0
:104520000C32DB8EFDF7F0F878B1FFE70299486DA9
:1045300040F010004865FFE70299002081F8500024
:10454000FFE701208DF80F0024E002980068006862
:1045500000F04000402807D0FFE702980168086893
:1045600040F040000860FFE7FFE70299002081F873
:104570005000FFE702980168486840F0200048605A
:1045800002980168486840F00200486000208DF8F9
:104590000F00FFE79DF80F0004B080BD80B582B02A
:1045A00001900198006842F2F021C2F2000109680E
:1045B00088420FD1FFE740F20B00C2F20000012257
:1045C000027040F20040C4F202004FF48051FDF747
:1045D0003FFBFFE702B080BD81B0009001B07047A3
:1045E00080B582B00190019804F088FB02B080BDD4
:1045F00081B0009001B0704781B0009001B0704769
:1046000084B00290019100200090FFE7029890F89A
:104610003C00012804D1FFE702208DF80F0044E0A0
:104620000299012081F83C00FFE7FFE7009820F0A5
:10463000FF000199C96808430090009820F4407079
:104640000199896808430090009820F480600199DE
:10465000496808430090009820F4006001990968B7
:1046600008430090009820F480500199096908439C
:104670000090009820F40050019949690843009087
:10468000009820F480400199C9690843009000987F
:10469000029909684864FFE70299002081F83C000C
:1046A000FFE700208DF80F00FFE79DF80F0004B032
:1046B0007047000085B003900291FFE7039890F8DF
:1046C0003C00012804D1FFE702208DF813007EE0B2
:1046D0000399012081F83C00FFE7FFE703990220DE
:1046E00081F83D00039800684068019003980068D5
:1046F00080680090019820F0700001900298016895
:10470000019808430190019803990968486003984B
:1047100000680021C4F2010188423CD0FFE7039801
:104720000068B0F1804F36D0FFE70398006840F290
:104730000041C4F2000188422DD0FFE703980068D1
:1047400040F60001C4F20001884224D0FFE703983C
:10475000006840F60041C4F2000188421BD0FFE728
:104760000398006840F20041C4F20101884212D06F
:10477000FFE70398006844F20001C4F20101884297
:1047800009D0FFE70398006841F60001C4F2000178
:1047900088420ED1FFE7009820F080000090029838
:1047A0004168009808430090009803990968886060
:1047B000FFE70399012081F83D00FFE703990020FE
:1047C00081F83C00FFE700208DF81300FFE79DF81B
:1047D000130005B07047000080B582B000900098CB
:1047E00020B9FFE701208DF807003FE0009890F81E
:1047F0003D0040B9FFE70099002081F83C00009897
:1048000000F038F8FFE70099022081F83D00009998
:1048100051F8040B04F020FB0099012081F84600B8
:10482000FFE70099012081F83E00009981F83F00E0
:10483000009981F84000009981F84100FFE7FFE707
:104840000099012081F84200009981F84300009905
:1048500081F84400009981F84500FFE700990120A4
:1048600081F83D0000208DF80700FFE79DF8070064
:1048700002B080BD80B590B00F9000200E900D90DA
:104880000C900B900A900F9800680021C4F201016F
:10489000884212D1FFE7FFE70020099043F6440069
:1048A000C4F20200016841F001010160006800F0FB
:1048B000010009900998FFE78CE00F980068B0F1BB
:1048C000804F1BD1FFE7FFE70020089043F6400030
:1048D000C4F20200016841F001010160006800F0CB
:1048E000010008900898FFE71C2004900421002292
:1048F000FDF760FA0498FDF753FA6AE00F98006834
:1049000040F60001C4F2000188423CD1FFE7FFE716
:104910000020079043F64000C4F20200016841F015
:1049200004010160006800F0040007900798FFE7A9
:10493000FFE70020069043F63000C4F20200016851
:1049400041F002010160006800F002000690069844
:10495000FFE780200A9002200B90002102910C9129
:104960000D910E9040F20040C4F202000AA9FCF73B
:104970007BFF029A1E2003900521FDF71BFA039886
:10498000FDF70EFA24E00F98006841F20001C4F22E
:10499000000188421BD1FFE7FFE70020059043F6A6
:1049A0004000C4F20200016841F01001016000689B
:1049B00000F0100005900598FFE7362001900621D1
:1049C0000022FDF7F7F90198FDF7EAF9FFE7FFE7A5
:1049D000FFE7FFE710B080BD83B00190019890F829
:1049E0003D00012804D0FFE701208DF80B006AE0AC
:1049F0000199022081F83D0001980168C86840F0E3
:104A00000100C860019800680021C4F201018842D9
:104A10003CD0FFE701980068B0F1804F36D0FFE747
:104A20000198006840F20041C4F2000188422DD094
:104A3000FFE70198006840F60001C4F200018842D7
:104A400024D0FFE70198006840F60041C4F200015D
:104A500088421BD0FFE70198006840F20041C4F291
:104A60000101884212D0FFE70198006844F200017A
:104A7000C4F20101884209D0FFE70198006841F6BD
:104A80000001C4F20001884212D1FFE701980068DA
:104A9000806800F0070000900098062807D0FFE724
:104AA00001980168086840F001000860FFE706E02F
:104AB00001980168086840F001000860FFE70020E5
:104AC0008DF80B00FFE79DF80B0003B07047000066
:104AD00081B0009000980168C86820F00100C860AB
:104AE000FFE700980068006A41F21111084210D1F6
:104AF000FFE700980068006A40F24441084207D18D
:104B0000FFE700980168086820F001000860FFE7EF
:104B1000FFE7FFE70099012081F83D00002001B088
:104B20007047000080B586B00490039100208DF896
:104B30000B00FFE7049890F83C00012804D1FFE740
:104B400002208DF81700ABE00499012081F83C00A9
:104B5000FFE7FFE70499022081F83D000498006810
:104B600080680190019820F077000190019820F46E
:104B70007F40019001980499096888600398006853
:104B80000090002872D0FFE7009810286ED0FFE751
:104B9000009820286AD0FFE70098302866D0FFE709
:104BA0000098402855D0FFE70098502837D0FFE7FD
:104BB0000098602840D0FFE7009870280BD0FFE7EE
:104BC0000098B0F5805F05D0FFE70098B0F5005F72
:104BD00016D052E055E004980068039B5A68996823
:104BE000DB6804F027FA0498006880680190019857
:104BF00040F077000190019804990968886040E0CE
:104C000004980068039B5A689968DB6804F012FAFC
:104C100004980168886840F48040886031E0049816
:104C20000068039A5168D26804F084FC0498006814
:104C3000502104F019FA24E004980068039A51689E
:104C4000D26804F02BFD04980068602104F00CFA8F
:104C500017E004980068039A5168D26804F06AFC6F
:104C600004980068402104F0FFF90AE00498006805
:104C70000399096804F0F8F903E001208DF80B00AE
:104C8000FFE70499012081F83D00FFE70499002027
:104C900081F83C00FFE79DF80B008DF81700FFE757
:104CA0009DF8170006B080BD81B00090009841F6D5
:104CB0002051C2F200018968884247D1FFE741F6DE
:104CC0002050C2F20000D0F8BC0000BBFFE741F664
:104CD0001F51C2F2000101200870FFE741F6205089
:104CE000C2F2000081680A68116A21F0A001116215
:104CF00080680168086A40F020000862FFE741F61A
:104D00002051C2F200010220C1F8BC001DE041F6B2
:104D10001F51C2F2000102200870FFE741F6205047
:104D2000C2F2000081680A68116A21F0A0011162D4
:104D300080680168086A0862FFE741F62051C2F204
:104D400000010020C1F8BC00FFE7FFE701B0704799
:104D500080B586B004900391029200208DF8070080
:104D6000FFE7049890F83C00012804D1FFE70220F7
:104D70008DF8170080E00499012081F83C00FFE7DE
:104D8000FFE70298B0B9FFE704980068039B196831
:104D90005A68DB6804F0F6FB04980168886920F023
:104DA0000C00886103988268049801688869104340
:104DB000886156E00298042817D1FFE7049800683C
:104DC000039B19685A68DB6804F092FC0498016838
:104DD000886920F4406088610398826804980168BB
:104DE000886940EA022088613AE00298082816D1D2
:104DF000FFE704980068039B19685A68DB6804F0B1
:104E0000ADFC04980168C86920F00C00C8610398E3
:104E1000826804980168C8691043C8611FE002985D
:104E20000C2817D1FFE704980068039B19685A689B
:104E3000DB6804F0C9FC04980168C86920F440608C
:104E4000C8610398826804980168C86940EA022032
:104E5000C86103E001208DF80700FFE7FFE7FFE7E7
:104E6000FFE7FFE70499002081F83C00FFE79DF889
:104E700007008DF81700FFE79DF8170006B080BD0A
:104E800080B582B00090009820B9FFE701208DF82E
:104E900007003FE0009890F83D0040B9FFE7009917
:104EA000002081F83C00009800F038F8FFE70099F6
:104EB000022081F83D00009951F8040B03F0CCFF6B
:104EC0000099012081F84600FFE70099012081F850
:104ED0003E00009981F83F00009981F84000009958
:104EE00081F84100FFE7FFE70099012081F84200C7
:104EF000009981F84300009981F84400009981F8F5
:104F00004500FFE70099012081F83D0000208DF861
:104F10000700FFE79DF8070002B080BD81B0009058
:104F200001B0704780B592B010900F9100208DF8BD
:104F30003B000F9828B9FFE7109890F83E000B90BF
:104F40001CE00F98042805D1FFE7109890F83F0067
:104F50000A9010E00F98082805D1FFE7109890F804
:104F60004000099004E0109890F841000990FFE794
:104F700009980A90FFE70A980B90FFE70B988DF8C5
:104F800033000F9828B9FFE7109890F84200089076
:104F90001CE00F98042805D1FFE7109890F8430013
:104FA000079010E00F98082805D1FFE7109890F8B7
:104FB0004400069004E0109890F845000690FFE742
:104FC00006980790FFE707980890FFE708988DF884
:104FD00032009DF83300012805D1FFE79DF832002B
:104FE000012804D0FFE701208DF84700E9E00F9881
:104FF00028B9FFE71099022081F83E001EE00F98C3
:10500000042806D1FFE71099022081F83F0005909F
:1050100012E00F98082806D1FFE71099022081F8C6
:105020004000049005E01099022081F841000490AE
:10503000FFE704980590FFE70598FFE70F9828B968
:10504000FFE71099022081F842001EE00F98042823
:1050500006D1FFE71099022081F84300039012E087
:105060000F98082806D1FFE71099022081F8440024
:10507000029005E01099022081F845000290FFE7B8
:1050800002980390FFE70398FFE70F9801900C2820
:1050900025D80199DFE801F0072323230E232323DA
:1050A000152323231C0010980168C86840F00200F3
:1050B000C86018E010980168C86840F00400C86033
:1050C00011E010980168C86840F00800C8600AE064
:1050D00010980168C86840F01000C86003E0012023
:1050E0008DF83B00FFE79DF83B00002864D1FFE707
:1050F000109800680F99012203F080FF1098006853
:105100000021C4F2010188423CD0FFE710980068FA
:10511000B0F1804F36D0FFE71098006840F20041B0
:10512000C4F2000188422DD0FFE71098006840F6D5
:105130000001C4F20001884224D0FFE71098006803
:1051400040F60041C4F2000188421BD0FFE71098EE
:10515000006840F20041C4F20101884212D0FFE72A
:105160001098006844F20001C4F20101884209D09D
:10517000FFE71098006841F60001C4F20001884280
:1051800012D1FFE710980068806800F007000D90CA
:105190000D98062807D0FFE710980168086840F0CE
:1051A00001000860FFE706E010980168086840F019
:1051B00001000860FFE7FFE79DF83B008DF847001E
:1051C000FFE79DF8470012B080BD000080B588B0B1
:1051D0000790069100208DF81700069804900C287F
:1051E00025D80499DFE801F0072323230E23232386
:1051F000152323231C0007980168C86820F00200CB
:10520000C86018E007980168C86820F00400C8600A
:1052100011E007980168C86820F00800C8600AE03B
:1052200007980168C86820F01000C86003E00120FA
:105230008DF81700FFE79DF8170000286FD1FFE7F2
:10524000079800680699002203F0D8FEFFE7079848
:105250000068006A41F21111084210D1FFE7079877
:105260000068006A40F24441084207D1FFE707980E
:105270000168086820F001000860FFE7FFE7FFE72A
:10528000069828B9FFE70799012081F83E001EE043
:105290000698042806D1FFE70799012081F83F000E
:1052A000039012E00698082806D1FFE7079901202D
:1052B00081F84000029005E00799012081F8410043
:1052C0000290FFE702980390FFE70398FFE7069834
:1052D00028B9FFE70799012081F842001EE00698EF
:1052E000042806D1FFE70799012081F843000190C7
:1052F00012E00698082806D1FFE70799012081F8F7
:105300004400009005E00799012081F845000090D5
:10531000FFE700980190FFE70198FFE7FFE79DF89E
:10532000170008B080BD000080B584B003900398DA
:105330000068C068029003980068006901909DF8B9
:1053400004008007002824D5FFE79DF808008007A7
:1053500000281DD5FFE7039801686FF0020008617F
:10536000039901200877039800688069800720B1BD
:10537000FFE70398FFF798FC06E0039800F044F974
:10538000039800F039FAFFE7039900200877FFE758
:10539000FFE79DF804004007002825D5FFE79DF8AA
:1053A0000800400700281ED5FFE7039801686FF04A
:1053B0000400086103990220087703980068806957
:1053C00010F4407F04D0FFE70398FFF76DFC06E080
:1053D000039800F019F9039800F00EFAFFE703991B
:1053E00000200877FFE7FFE79DF80400000700288A
:1053F00024D5FFE79DF80800000700281DD5FFE72A
:10540000039801686FF00800086103990420087789
:1054100003980068C069800720B1FFE70398FFF791
:1054200043FC06E0039800F0EFF8039800F0E4F97D
:10543000FFE7039900200877FFE7FFE79DF80400E6
:10544000C006002825D5FFE79DF80800C006002803
:105450001ED5FFE7039801686FF0100008610399FB
:105460000820087703980068C06910F4407F04D0D2
:10547000FFE70398FFF718FC06E0039800F0C4F874
:10548000039800F0B9F9FFE7039900200877FFE7D8
:10549000FFE79DF80400C00778B1FFE79DF808001A
:1054A000C00748B1FFE7039801686FF00100086189
:1054B000039800F00FFBFFE7FFE79DF804000006EC
:1054C000002810D5FFE79DF808000006002809D540
:1054D000FFE7039801686FF0800008610398FFF709
:1054E00087F8FFE7FFE79DF804004006002810D585
:1054F000FFE79DF808004006002809D5FFE703985C
:1055000001686FF040000861039800F07BFBFFE743
:10551000FFE79DF804008006002810D5FFE79DF8FE
:1055200008008006002809D5FFE7039801686FF09E
:10553000200008610398FFF75FF8FFE7FFE704B07A
:1055400080BD000080B588B00790002006900590CF
:10555000049003900290079800680021C4F20101B2
:10556000884223D1FFE7FFE70020019043F6300097
:10557000C4F20200016841F010010160006800F00F
:10558000100001900198FFE74FF400700290022094
:1055900003900020049005900120069041F2000045
:1055A000C4F2020002A9FCF75FF92AE0079800683C
:1055B00040F60001C4F20001884221D1FFE7FFE775
:1055C0000020009043F63000C4F20200016841F070
:1055D00002010160006800F0020000900098FFE7FF
:1055E0004020029002200390002104910591069032
:1055F00040F20040C4F2020002A9FCF735F9FFE7CF
:10560000FFE708B080BD000081B0009001B0704796
:1056100080B586B004900391029200208DF80700B7
:10562000FFE7049890F83C00012804D1FFE702202E
:105630008DF8170089E00499012081F83C00FFE70C
:10564000FFE7029800900C2800F270800099DFE8D4
:1056500001F0076D6D6D206D6D6D3A6D6D6D5300D0
:1056600004980068039903F015FD0498016888699F
:1056700040F00800886104980168886920F00400FF
:1056800088610398026904980168886910438861F9
:1056900050E004980068039903F072FD04980168D3
:1056A000886940F40060886104980168886920F482
:1056B000806088610398026904980168886940EAFB
:1056C0000220886136E004980068039903F0D2FD57
:1056D00004980168C86940F00800C861049801682E
:1056E000C86920F00400C861039802690498016841
:1056F000C8691043C8611DE004980068039903F06D
:1057000033FE04980168C86940F40060C8610498D9
:105710000168C86920F48060C86103980269049830
:105720000168C86940EA0220C86103E001208DF8E1
:105730000700FFE7FFE70499002081F83C00FFE73E
:105740009DF807008DF81700FFE79DF8170006B0D9
:1057500080BD000080B582B00090009820B9FFE7BE
:1057600001208DF807003FE0009890F83D0040B917
:10577000FFE70099002081F83C00009800F038F81D
:10578000FFE70099022081F83D00009951F8040BD1
:1057900003F062FB0099012081F84600FFE70099C1
:1057A000012081F83E00009981F83F00009981F8BE
:1057B0004000009981F84100FFE7FFE700990120D0
:1057C00081F84200009981F84300009981F8440073
:1057D000009981F84500FFE70099012081F83D001C
:1057E00000208DF80700FFE79DF8070002B080BD9C
:1057F00081B0009001B0704781B0009001B0704757
:1058000080B58CB00A900991099828B9FFE70A98E9
:1058100090F83E0007901CE00998042805D1FFE7A6
:105820000A9890F83F00069010E00998082805D1E2
:10583000FFE70A9890F84000059004E00A9890F875
:1058400041000590FFE705980690FFE7069807904E
:10585000FFE70798012804D0FFE701208DF82F000B
:10586000AFE0099828B9FFE70A99022081F83E00C5
:105870001EE00998042806D1FFE70A99022081F862
:105880003F00049012E00998082806D1FFE70A9922
:10589000022081F84000039005E00A99022081F877
:1058A00041000390FFE703980490FFE70498FFE7A7
:1058B0000A98006809990122019203F09FFB019860
:1058C0000A9909680022C4F20102914202900CD0A8
:1058D000FFE70A9800684FF60041CBF6FE710844D6
:1058E000B0FA80F040090290FFE70298C00738B193
:1058F000FFE70A980168486C40F400404864FFE7FD
:105900000A9800680021C4F2010188423CD0FFE7F8
:105910000A980068B0F1804F36D0FFE70A98006817
:1059200040F20041C4F2000188422DD0FFE70A98FE
:10593000006840F60001C4F20001884224D0FFE76D
:105940000A98006840F60041C4F2000188421BD06A
:10595000FFE70A98006840F20041C4F20101884262
:1059600012D0FFE70A98006844F20001C4F2010176
:10597000884209D0FFE70A98006841F60001C4F2A6
:105980000001884212D1FFE70A980068806800F0A1
:10599000070008900898062807D0FFE70A980168D2
:1059A000086840F001000860FFE706E00A98016817
:1059B000086840F001000860FFE700208DF82F0024
:1059C000FFE79DF82F000CB080BD000080B586B0C9
:1059D00005900491059800680499002203F00EFBDD
:1059E0000598016801200022C4F20102914203904F
:1059F0000CD0FFE7059800684FF60041CBF6FE712A
:105A00000844B0FA80F040090390FFE70398C0070C
:105A1000D8B1FFE7FFE705980068006A41F211116D
:105A2000084210D1FFE705980068006A40F244413F
:105A3000084207D1FFE705980168486C20F4004050
:105A40004864FFE7FFE7FFE7FFE7FFE70598006827
:105A5000006A41F21111084210D1FFE70598006871
:105A6000006A40F24441084207D1FFE70598016807
:105A7000086820F001000860FFE7FFE7FFE70498EF
:105A800028B9FFE70599012081F83E001EE004983F
:105A9000042806D1FFE70599012081F83F00029014
:105AA00012E00498082806D1FFE70599012081F843
:105AB0004000019005E00599012081F84100019026
:105AC000FFE701980290FFE70298FFE7002006B089
:105AD00080BD000080B584B00390039842F220415D
:105AE000C2F20001884225D1FFE700208DF80B00AB
:105AF00000F0FEFD8DF80B0040F21801C2F200012B
:105B00000868013008609DF80B0090B9FFE740F28B
:105B10001800C2F200000068B0F57A7F09D9FFE7EB
:105B200005F07EF840F21801C2F200010020086082
:105B3000FFE7FFE7039842F29031C2F2000188428A
:105B400011D1FFE741F20000C4F2020000904FF4CF
:105B5000807101910122FCF77BF8009801990022E5
:105B6000FCF776F8FFE704B080BD000080B584B094
:105B700002900191FFE7029890F83C00012804D1BF
:105B8000FFE702208DF80F0037E00299012081F82D
:105B90003C00FFE7FFE70299022081F83D000298F0
:105BA000019903F033FC70B1FFE70299012081F8FD
:105BB0003D00FFE70299002081F83C00FFE701204B
:105BC0008DF80F0019E002980168C86820F04000C5
:105BD000C86002980168C86820F48040C8600299D3
:105BE000012081F83D00FFE70299002081F83C0088
:105BF000FFE700208DF80F00FFE79DF80F0004B0CD
:105C000080BD000081B0009001B0704782B001906B
:105C1000ADF8021002B0704780B584B00390002048
:105C20000290039800684069C0B2C00902900398CE
:105C300090F84100212823D1FFE7029800B3FFE745
:105C4000FFE7FFE70398006850E8050F20F08000A9
:105C50000190FFE701990398026842E805100028C7
:105C6000F0D1FFE7FFE70398806B28B1FFE70398C7
:105C7000806BFBF763FAFFE7039803F063FFFFE72E
:105C8000039800684069C0F380100290039890F870
:105C90004200222823D1FFE7029800B3FFE7FFE785
:105CA000FFE70398006850E8050F20F040000090DF
:105CB000FFE700990398026842E805100028F0D138
:105CC000FFE7FFE70398C06B28B1FFE70398C06BBD
:105CD000FBF734FAFFE7039803F0D6FEFFE7002056
:105CE00004B080BD81B0009001B0704780B592B023
:105CF0001190119800680068109011980068C068B1
:105D00000F901198006840690E9000200D900C9043
:105D1000109800F00F000D900D9888B9FFE79DF8DE
:105D20004000800600280AD5FFE79DF83C00800669
:105D3000002804D5FFE7119803F020FF02E2FFE7F7
:105D40000D98002800F0C280FFE79DF83800C007DA
:105D500038B9FFE7BDF83C0010F4907F00F0B68042
:105D6000FFE79DF84000C00758B1FFE79DF83D00F0
:105D7000C00730B1FFE71199486C40F0010048645A
:105D8000FFE79DF84000400700280BD5FFE79DF88E
:105D90003800C00730B1FFE71199486C40F00200AD
:105DA0004864FFE79DF84000800700280BD5FFE717
:105DB0009DF83800C00730B1FFE71199486C40F0FA
:105DC00004004864FFE79DF840000007002811D553
:105DD000FFE79DF83C008006002805D4FFE79DF80A
:105DE0003800C00730B1FFE71199486C40F0080057
:105DF0004864FFE71198406C002866D0FFE79DF8E3
:105E00004000800600280AD5FFE79DF83C00800688
:105E1000002804D5FFE7119803F0B0FEFFE71198C2
:105E200000684069C0F380100C901198406C000726
:105E3000002804D4FFE70C9800283ED0FFE7119813
:105E400003F022FE119800684069400600282FD513
:105E5000FFE7FFE7FFE71198006850E8050F20F023
:105E600040000B90FFE70B991198026842E805107B
:105E70000028F0D1FFE7FFE71198C06B98B1FFE76A
:105E80001198C16B49F63500C0F6000008651198FD
:105E9000C06BFBF7C9F928B1FFE71198C06B016D22
:105EA0008847FFE703E01198FFF71CFFFFE703E0D7
:105EB0001198FFF717FFFFE706E01198FFF712FFB1
:105EC000119900204864FFE7FFE73BE11198006B60
:105ED000012840F01781FFE79DF84000C006002828
:105EE00040F11081FFE79DF83C00C006002840F11A
:105EF0000981FFE7FFE700200A9011980068006819
:105F00000A901198006840680A900A98FFE7119873
:105F1000006840694006002840F19A80FFE7119828
:105F2000C06B00684068ADF82600BDF82600002868
:105F300075D0FFE7BDF826001199898D88426EDA89
:105F4000FFE7BDF826001199C8851198C06BC0699C
:105F5000B0F5807F58D0FFE7FFE7FFE711980068B2
:105F600050E8030F20F480700890FFE7089911981B
:105F7000026842E803100028F0D1FFE7FFE7FFE7DF
:105F8000FFE71198006850E8050F20F00100079026
:105F9000FFE707991198026842E805100028F0D140
:105FA000FFE7FFE7FFE7FFE71198006850E8050FFC
:105FB00020F040000690FFE706991198026842E839
:105FC00005100028F0D1FFE7FFE71199202081F8A4
:105FD0004200119900200863FFE7FFE7119800686D
:105FE00050E8030F20F010000590FFE70599119885
:105FF000026842E803100028F0D1FFE7FFE711989C
:10600000C06BFBF79BF8FFE71199022048631198DA
:10601000818DC28D891A89B2FFF7F8FD17E0BDF8AE
:1060200026001199898D884210D1FFE71198C06B25
:10603000C069B0F5807F08D1FFE71199022048635D
:106040001198818DFFF7E2FDFFE7FFE7FFE779E0B9
:106050001199888DC98D401AADF812001198C08D24
:1060600000284ED0FFE7BDF81200002849D0FFE716
:10607000FFE7FFE71198006850E8030F20F49070E5
:106080000390FFE703991198026842E80310002883
:10609000F0D1FFE7FFE7FFE7FFE71198006850E85E
:1060A000050F20F001000290FFE7029911980268A5
:1060B00042E805100028F0D1FFE7FFE71199202002
:1060C00081F84200119900200863FFE7FFE711986B
:1060D000006850E8030F20F010000190FFE70199DD
:1060E0001198026842E803100028F0D1FFE7FFE7AB
:1060F0001199022048631198BDF81210FFF786FD30
:10610000FFE71FE09DF84000000600280AD5FFE7E2
:106110009DF83C000006002804D5FFE7119803F025
:1061200017FF0FE09DF84000400600280AD5FFE762
:106130009DF83C004006002804D5FFE7119803F0C5
:10614000EDFCFFE712B080BD80B582B000900098F2
:1061500020B9FFE701208DF8070040E00098806932
:1061600008B1FFE700E0FFE7009890F8410040B970
:10617000FFE70099002081F84000009800F034F813
:10618000FFE70099242081F8410000980168C86861
:1061900020F40050C860009803F0A4FD0098016846
:1061A000086920F49040086100980168486920F06F
:1061B0002A00486100980168C86840F40050C8602F
:1061C000009900204864009A202182F84110009A2A
:1061D00082F84210009948638DF80700FFE79DF8A8
:1061E000070002B080BD000080B592B01190002081
:1061F00010900F900E900D900C901198006844F242
:106200000041C4F20001884267D1FFE7FFE70020A8
:106210000B9043F64000C4F20200016841F40031E3
:106220000160006800F400300B900B98FFE7FFE777
:1062300000200A9043F63000C4F20200016841F0E9
:1062400001010160006800F001000A900A98FFE770
:106250000C200C9002200D90002006900E90032040
:106260000F90072010900020C4F202000CA9FBF749
:10627000FBFA069942F2F400C2F20000079046F2DF
:10628000A002C4F2020202604FF0006242604022AB
:106290008260C1604FF48062026141618161C161CD
:1062A00001624162FBF778F918B1FFE7FAF7BEFB2C
:1062B000FFE7FFE7119842F2F401C2F200018163A7
:1062C00011988863FFE72620059007210022FBF73D
:1062D00071FD0598FBF764FD9EE01198006844F697
:1062E0000001C4F20001884240F09580FFE7FFE71B
:1062F0000020099043F64000C4F20200016841F416
:1063000080210160006800F4802009900998FFE76F
:10631000FFE70020089043F63000C4F20200016855
:1063200041F008010160006800F00800089008983A
:10633000FFE74FF440700C9002200D900020039076
:106340000E9003200F900720109040F60040C4F2FA
:1063500002000CA9FBF788FA039942F2B410C2F2CA
:106360000000049046F25802C4F2020202604FF0AC
:106370000062426040228260C1604FF4806202612C
:1063800041618161C1614FF4003202624162FBF7F9
:1063900003F918B1FFE7FAF749FBFFE7FFE71198A8
:1063A00042F2B411C2F20001816311988863FFE7E1
:1063B00042F25410C2F20000029046F22801C4F2E8
:1063C000020101604FF00061416000218160C16005
:1063D0004FF48062026141618161C1610162416289
:1063E000FBF7DAF818B1FFE7FAF720FBFFE7FFE762
:1063F000119842F25411C2F20001C16311988863EE
:10640000FFE72720019001210022FBF7D3FC019830
:10641000FBF7C6FCFFE7FFE712B080BD80B584B094
:1064200002900191ADF80220029890F842002028D5
:1064300017D1FFE7019820B1FFE7BDF8020020B9AE
:10644000FFE701208DF80F000FE00299002008639C
:1064500002980199BDF8022003F0E2FC8DF80F00CC
:1064600003E002208DF80F00FFE79DF80F0004B055
:1064700080BD000081B0009001B0704781B00090F5
:1064800001B0704780B586B005900598006842F26B
:10649000B041C2F200010968884251D1FFE742F2DF
:1064A000B040C2F2000000680068C006002846D56F
:1064B000FFE7FFE70020049042F2B040C2F2000084
:1064C0000168096804910068406804900498FFE737
:1064D00042F2B040C2F200000090FFF79DFB42F292
:1064E0005410C2F2000000684068C0F5807141F6A7
:1064F000E050C2F200000390C0F80011012180F8C2
:106500000411D0F8002141F6E861C2F200010191C6
:10651000F9F787FE01984FF480710291F9F79AFE1E
:1065200000980199029AFFF779FF0398D0F80011BB
:106530004DF6B020C0F60000FAF766FAFFE7FFE775
:1065400006B080BD80B586B004900391ADF80A20F6
:10655000049890F8410020286AD1FFE7039820B101
:10656000FFE7BDF80A0020B9FFE701208DF817000A
:1065700062E0039804990862BDF80A0004998884CF
:10658000BDF80A000499C884049900204864049A5C
:10659000212182F8411004998A6B49F6F511C0F661
:1065A0000001D16304998A6B49F67121C0F600019C
:1065B000116404998A6B49F65101C0F60001D16457
:1065C0000499896B086503A8019004980268806BA0
:1065D000019909680432BDF80A30FBF795F858B103
:1065E000FFE70499102048640499202081F84100B5
:1065F00001208DF817001FE0049801686FF040003B
:106600000860FFE7FFE70498006850E8050F40F0D6
:1066100080000090FFE700990498026842E80510A6
:106620000028F0D1FFE7FFE700208DF8170003E016
:1066300002208DF81700FFE79DF8170006B080BD17
:1066400080B582B001900198006842F2B041C2F278
:1066500000010968884207D1FFE740F20C01C2F24D
:1066600000010120087027E00198006842F26841AB
:10667000C2F20001096888421DD1FFE740F21031E3
:10668000C2F20001002081F80804D1F80004D1F81A
:106690000414401A6FF39F200090009818B1FFE790
:1066A00005F0B0FF06E040F20901C2F2000101204E
:1066B0000870FFE7FFE7FFE702B080BD81B0009000
:1066C00001B0704780B5622005F0EAFDFFE74FF4A6
:1066D000FA7002F09FFA41F20000C4F202000421B5
:1066E000FBF79EFA10B9FFE772B6FFE7EFE700008D
:1066F00080B582B040F20001C2F200010878013892
:10670000087040F20101C2F20001087801380870F7
:1067100040F20200C2F20000007801460191012817
:1067200009D0FFE7019803283AD0FFE70198042831
:1067300000F09B80ABE041F20000C4F202000421B3
:10674000FBF76EFA68B9FFE740F20201C2F20001FE
:106750000320087040F20001C2F2000164200870BA
:106760001DE040F21D00C2F200000078012815D1A2
:10677000FFE740F20100C2F20000007800280CDCC4
:10678000FFE740F21F01C2F200010120087040F251
:106790001C01C2F200010870FFE7FFE7FFE77DE0A0
:1067A00041F20000C4F202000421FBF739FA01288B
:1067B00030D1FFE740F20201C2F20001012008706F
:1067C00040F22000C2F20000007810BBFFE740F268
:1067D0001D00C2F20000007801280CD1FFE740F252
:1067E0001F01C2F200010120087040F21E01C2F236
:1067F000000108700CE040F21D01C2F2000101200E
:10680000087040F20101C2F2000114200870FFE795
:10681000FFE729E040F22000C2F20000007810BB40
:10682000FFE740F21D00C2F200000078D8B9FFE790
:1068300040F20000C2F200000078002812DCFFE7FE
:1068400040F20201C2F200010420087040F21F0170
:10685000C2F200010120087040F22001C2F20001E2
:106860000870FFE7FFE7FFE718E041F20000C4F21D
:1068700002000421FBF7D4F9012807D1FFE740F219
:106880000201C2F2000101200870FFE706E040F2B9
:106890000201C2F2000101200870FFE740F21F0070
:1068A000C2F200000078012867D1FFE740F21C0027
:1068B000C2F20000007801280DD1FFE742F2F84152
:1068C000C2F20001012008704DF2CD70C0F6000048
:1068D000FAF79AF836E040F22000C2F200000078A1
:1068E000012818D1FFE742F2F841C2F2000102206C
:1068F00008704DF2AE70C0F60000FAF785F86F2010
:1069000005F0CEFC41F20000C4F202000821002292
:10691000FBF79EF915E040F21E00C2F2000000787D
:1069200001280DD1FFE742F2F841C2F20001032035
:1069300008704DF2DD70C0F60000FAF765F8FFE769
:10694000FFE7FFE740F21F01C2F2000100200870DC
:1069500040F21D01C2F20001087040F21C01C2F2B7
:106960000001087040F22001C2F20001087040F2FC
:106970001E01C2F200010870FFE740F20200C2F2FD
:1069800000000078013818BF012002B080BD00006F
:1069900080B586B000220092059204920392029282
:1069A00041F6E870C2F20000019042F20001C4F228
:1069B000010101604FF48031416082600261027622
:1069C00080F82020C2620121C0F600718162C2609D
:1069D0000121C16180F830204161FAF763F918B1F3
:1069E000FFE7FAF723F8FFE70D200290012003905C
:1069F0000720049041F6E870C2F2000002A9FAF7FD
:106A000037F818B1FFE7FAF711F8FFE706B080BDD5
:106A100080B58AB0FFE70020099043F63000C4F249
:106A20000200016841F400110160006800F40010E8
:106A300009900998FFE7FFE70020089043F630002F
:106A4000C4F20200016841F480010160006800F4B2
:106A5000800008900898FFE70C2001900121059123
:106A600000220692FBF7A6F90198FBF799F9059920
:106A7000069A0E200290FBF79DF90298FBF790F919
:106A80000599069A0F200390FBF794F90398FBF7FA
:106A900087F90599069A11200490FBF78BF9049861
:106AA000FBF77EF90599069A3B200790FBF782F9E0
:106AB0000798FBF775F90AB080BD000080B598B063
:106AC000002017901690159014901390FFE7002067
:106AD000129043F63000C4F20200016841F0100148
:106AE0000160006800F0100012901298FFE7FFE7C5
:106AF0000020119043F63000C4F20200016841F01A
:106B000004010160006800F0040011901198FFE793
:106B1000FFE70020109043F63000C4F20200016845
:106B200041F080010160006800F080001090109832
:106B3000FFE7FFE700200F9043F63000C4F20200A9
:106B4000016841F001010160006800F001000F9050
:106B50000F98FFE7FFE700200E9043F63000C4F2E5
:106B60000200016841F002010160006800F00200CB
:106B70000E900E98FFE7FFE700200D9043F63000DF
:106B8000C4F20200016841F008010160006800F0F1
:106B900008000D900D98FFE741F20000C4F20200DA
:106BA0000290882100220B92FBF752F80B9A0020EA
:106BB000C4F20200059001210891FBF749F80598FD
:106BC000089A02210491FBF743F80B9A40F2004027
:106BD000C4F20200069004210191FBF739F80298F3
:106BE000089A4FF48071FBF733F80698089A4FF42F
:106BF0008051FBF72DF80B9A40F60040C4F20200DA
:106C000009904FF470510791FBF722F8019A02980E
:106C1000089913924FF4041203921492159113A938
:106C20000A91FAF721FE0298089B0A990B9A4FF4F1
:106C3000C47CCDF84CC0149315921692FAF714FE4A
:106C40000598089B0A990B9A4FF0030CCDF84CC09D
:106C5000149315921692FAF707FE039B049A05986F
:106C60000A994FF0100CCDF84CC014931592FAF716
:106C7000FBFD0698089B0A990B9A41F2040CCDF88B
:106C80004CC0149315921692FAF7EEFDDDF81CC075
:106C9000089B09980A990B9ACDF84CC01493159249
:106CA0001692FAF7E1FD0B9A0A200C900521FBF7EA
:106CB00081F80C98FBF774F818B080BD80B582B0ED
:106CC00042F21420C2F20000019042F60041C4F2E8
:106CD00001010160002141608160C1600161416189
:106CE0000C218161FCF700FB18B1FFE7F9F79EFE6C
:106CF000FFE742F21420C2F200004FF40061FBF7FC
:106D0000AFFD18B1FFE7F9F791FEFFE742F214205B
:106D1000C2F20000009042F60041C4F2010101609D
:106D2000002141608160C160016141610C2181618C
:106D3000FCF7DAFA18B1FFE7F9F778FEFFE742F25D
:106D40001420C2F200004FF40061FBF789FD18B176
:106D5000FFE7F9F76BFEFFE702B080BD80B582B0B8
:106D600042F29820C2F20000019043F20001C4F206
:106D7000010101604FF48271416000218160C160B6
:106D8000016141614FF4007282612822C261016297
:106D9000416281620A21C162FDF73EF818B1FFE746
:106DA000F9F744FEFFE702B080BD000080B582B075
:106DB00042F2F020C2F20000009043F60001C4F25B
:106DC000000101604FF482714160002101918160F6
:106DD000C160016141614FF400728261C161016271
:106DE000416281620A21C162FDF716F818B1FFE71E
:106DF000F9F71CFEFFE702B080BD000080B598B037
:106E000000210191179116911591149113911291EE
:106E1000119110910F910E910D910C910B910A917E
:106E2000099108910791069105910491039142F20D
:106E30004830C2F2000002900022C4F20102026057
:106E40000322426081604F22C26001614161816121
:106E5000FDF7C2FC18B1FFE7F9F7E8FDFFE74FF4D3
:106E60008050149042F24830C2F2000014A9FDF79D
:106E700059FE18B1FFE7F9F7D9FDFFE742F24830B4
:106E8000C2F20000FEF766FC18B1FFE7F9F7CEFD8D
:106E9000FFE7302012908020139042F24830C2F277
:106EA000000012A9FDF706FC18B1FFE7F9F7BEFDD7
:106EB000FFE760200B9028200C9000220D920E928C
:106EC0000F921092119242F24830C2F200000BA9C8
:106ED000FEF79EFB18B1FFE7F9F7A8FDFFE70020DA
:106EE000039004900590069007904FF4005108918C
:106EF0000A9042F24830C2F2000003A9FDF780FB7D
:106F000018B1FFE7F9F792FDFFE742F24830C2F20D
:106F10000000FEF717FB18B080BD000080B588B0F8
:106F2000002100910791069105910491039102912E
:106F3000019142F29030C2F200004FF080420260B4
:106F40004160816040F6FF72C26001618161FDF7BE
:106F500043FC18B1FFE7F9F769FDFFE7072003904D
:106F60000020049042F29030C2F2000003A9FEF724
:106F7000FDFD18B1FFE7F9F759FDFFE7002001908B
:106F8000029042F29030C2F2000001A9FDF792FB9C
:106F900018B1FFE7F9F74AFDFFE708B080BD000030
:106FA00080B592B000210091119110910F910E9136
:106FB0000D910C910B910A910991089107910691FD
:106FC0000591049103910291019142F2D830C2F2ED
:106FD000000040F60002C4F20002026049F63F429F
:106FE0004260816040F2CF72C26001618161FDF751
:106FF000F3FB18B1FFE7F9F719FDFFE74FF48050F5
:107000000E9042F2D830C2F200000EA9FDF78AFDC0
:1070100018B1FFE7F9F70AFDFFE742F2D830C2F2F4
:107020000000FEF797FB18B1FFE7F9F7FFFCFFE759
:1070300042F2D830C2F20000FDF722FF18B1FFE79C
:10704000F9F7F4FCFFE720200C9080200D9042F22D
:10705000D830C2F200000CA9FDF72CFB18B1FFE7F5
:10706000F9F7E4FCFFE76020059040F2A460069089
:1070700000220792099242F2D830C2F2000005A91C
:10708000FEF7C6FA18B1FFE7F9F7D0FCFFE70A20D0
:1070900001900120029000200390049042F2D83029
:1070A000C2F2000001A90422FDF752FE18B1FFE769
:1070B000F9F7BCFCFFE742F2D830C2F20000FEF75D
:1070C00041FA12B080BD000080B582B0002101916C
:1070D000009142F22040C2F2000041F20002C4F2EC
:1070E0000002026040F28F124260816040F2E7329B
:1070F000C2608161FDF770FB18B1FFE7F9F796FCFC
:10710000FFE700200090019042F22040C2F2000010
:107110006946FDF7CFFA18B1FFE7F9F787FCFFE7FB
:1071200002B080BD80B582B042F26840C2F2000079
:10713000019044F20041C4F20001016044F2402198
:10714000C0F20F01416000218160C16001610C2229
:1071500042618161C161FEF7F7FF18B1FFE7F9F7FE
:1071600065FCFFE702B080BD80B582B042F2B0405E
:10717000C2F20000019044F60001C4F20001016077
:1071800044F24021C0F20F01416000218160C160E2
:1071900001610C2242618161C161FEF7D5FF18B126
:1071A000FFE7F9F743FCFFE702B080BDFFE7FEE72A
:1071B000FFE7FEE788B0079006910592079800F078
:1071C000070004900498C0F10700052803D3FFE7E7
:1071D0000420019004E00498C0F107000190FFE74B
:1071E0000198039004980430062803D8FFE7002094
:1071F000009003E0049803380090FFE700980290A5
:1072000006980399012202FA01F101390840029B14
:10721000984005999A40013A1140084308B07047D8
:107220007047000080B586B0059000200490039060
:107230008DF80B0001908DF810000120F9F7E8FBA4
:1072400004A803A9042202F045FF9DF80C0000F0F9
:107250001F008DF80B0005999DF80F008870BDF890
:107260000D0008809DF80B000838C0B206B080BD44
:1072700083B0029001910020009001990968029A60
:10728000516201994968029A9162019A9168D2F813
:107290000CC01369526941EA0C0119430A43009971
:1072A000114300910299C96A21F0F701009A114334
:1072B000029AD16203B0704781B0009000980069D3
:1072C000C0B201B07047000081B000900098006823
:1072D00000F0030001B0704783B002900191029862
:1072E00001990844143000900098006803B070477A
:1072F00080B542F21420C2F20000FBF751FE80BDBF
:10730000B0B588B00E9CDDF834E0DDF830C00794ED
:10731000CDF818E0CDF814C00493039202910190C7
:10732000002000900299DDF80CC0049B059A41EA08
:107330000C0119431143069A1143079A0A43009915
:10734000114300910199496847F6FF629143009A01
:107350001143019A516008B0B0BD000081B00090A7
:10736000009903200860002001B0704781B00090B0
:107370000098D0F8800001B07047000083B0029000
:1073800001910020009001990968029A9160019A88
:107390005168D2F808C0D368126941EA0C01194358
:1073A0000A430099114300910299C96840F6FF729F
:1073B0009143009A1143029AD16003B070470000D4
:1073C00082B001900091009800680199C1F8800096
:1073D000002002B07047000080B58AB00990089183
:1073E00008980390372001900490402005900020D9
:1073F00006904FF480600790099803A9FFF7BEFF3D
:107400000199099841F2883200F06EFA02900298D0
:107410000AB080BD80B588B007900691069800211B
:10742000C8F21001084301902920029040200390E7
:10743000002004904FF480600590079801A9FFF7A1
:107440009DFF079800F0C8FB0090009808B080BD31
:1074500080B58AB009900891089803901020019097
:10746000049040200590002006904FF48060079023
:10747000099803A9FFF782FF0199099841F2883220
:1074800000F032FA029002980AB080BD80B58AB04E
:1074900009900891089803900620019004904020DC
:1074A0000590002006904FF480600790099803A98A
:1074B000FFF764FF0199099841F2883200F014FA4D
:1074C000029002980AB080BD80B588B00790002075
:1074D00002902621009103914021049105904FF4E0
:1074E00080600690079802A9FFF748FF0099079867
:1074F0004FF2186200F0F8F90190019808B080BDD1
:1075000080B588B007900020029003900490059009
:107510004FF480600690079802A9FFF72FFF0798A5
:1075200000F0B4F90190019808B080BD80B588B032
:1075300007904FF4D57002900820039040200490EB
:10754000002005904FF480600690079802A9FFF78D
:1075500015FF079800F014FC0190019808B080BD59
:1075600080B58AB009900891089803901220019084
:10757000049040200590002006904FF48060079012
:10758000099803A9FFF7FAFE0199099841F2883298
:1075900000F0AAF9029002980AB080BD80B58AB0C6
:1075A00009900891089803901120019004904020C0
:1075B0000590002006904FF480600790099803A979
:1075C000FFF7DCFE0199099841F2883200F08CF94E
:1075D000029002980AB080BD80B58AB009900891E7
:1075E00008980390212001900490402005900020ED
:1075F00006904FF480600790099803A9FFF7BEFE3C
:107600000199099841F2883200F06EF902900298CF
:107610000AB080BD80B58AB009900891089803909F
:1076200020200190049040200590002006904FF407
:1076300080600790099803A9FFF7A0FE01990998B7
:1076400041F2883200F050F9029002980AB080BDF1
:1076500080B58CB00B90099308920898039007208E
:107660000190049040200590002006904FF4806027
:1076700007900B9803A9FFF781FE01990B9841F23F
:10768000883200F031F9029002980CB080BD000001
:1076900080B588B007900020029002210391C0219C
:1076A000049105904FF480600690079802A9FFF7B7
:1076B00065FE079800F03CFA0190019808B080BD83
:1076C00080B588B007900691069801900920029035
:1076D000C0200390002004904FF48060059007982C
:1076E00001A9FFF74BFE079800F022FA00900098DE
:1076F00008B080BD80B588B007900020029033218B
:10770000009103914021049105904FF48060069010
:10771000079802A9FFF732FE0099079841F28832D4
:1077200000F0E2F80190019808B080BD80B58AB001
:1077300009900891089803900D2001900490402032
:107740000590002006904FF480600790099803A9E7
:10775000FFF714FE0199099841F2883200F0C4F84D
:10776000029002980AB080BD80B58AB00990089155
:10777000002003900321019104914021059106907E
:107780004FF480600790099803A9FFF7F7FD01996E
:107790000998089A00F06AFA029002980AB080BD2F
:1077A00080B588B00790002002900D2100910391D0
:1077B0004021049105904FF480600690079802A93B
:1077C000FFF7DCFD0099079841F2883200F08CF851
:1077D0000190019808B080BD80B588B00790002066
:1077E00002900C21009103914021049105904FF4E7
:1077F00080600690079802A9FFF7C0FD00990798DE
:107800004EF20012C0F2F55200F06EF801900198AD
:1078100008B080BD80B58AB009900891089803909F
:1078200019200190049040200590002006904FF40C
:1078300080600790099803A9FFF7A0FD01990998B6
:1078400041F2883200F050F8029002980AB080BDF0
:1078500080B58AB00990089108980390182001908B
:10786000049040200590002006904FF4806007901F
:10787000099803A9FFF782FD0199099841F288321E
:1078800000F032F8029002980AB080BD83B00190F7
:1078900040F20400C2F200000068C00844F6D35170
:1078A000C1F26201A0FB0110800941F28831484316
:1078B0000090FFE70098411E009120B9FFE74FF0CC
:1078C000004002900CE0FFE70198406B00060028A2
:1078D000F0D5FFE70199C520886300200290FFE7FB
:1078E000029803B07047000080B588B006908DF80C
:1078F00017100492049840F20401C2F200010968D2
:10790000C90844F6D352C1F26202A1FB02218909DF
:1079100048430190FFE70198411E019120B9FFE71C
:107920004FF000400790FFE00698406B0290FFE7A1
:1079300001209DF8081011F0450F009006D0FFE7D8
:107940009DF80900C0F3C0000090FFE70098C00751
:107950000028E0D1FFE70698406B4007002805D5D6
:10796000FFE70699042088630790DDE00698406BE6
:10797000C00728B1FFE70699012088630790D3E08C
:10798000FFE7FFE70699C52088630698FFF794FC98
:107990009DF81710884203D0FFE701200790C3E04D
:1079A00006980021FFF798FC039003984EF2080117
:1079B000CFF6FF51084203D1FFE700200790B3E064
:1079C0009DF80F000006002804D5FFE74FF0007077
:1079D0000790A9E09DF80F004006002803D5FFE7B7
:1079E00040200790A0E09DF80F008006002803D5F6
:1079F000FFE78020079097E09DF80F00C006002861
:107A000004D5FFE74FF4807007908DE09DF80F00DC
:107A10000007002804D5FFE74FF40070079083E0CB
:107A20009DF80F004007002804D5FFE74FF4806061
:107A3000079079E09DF80F00C00720B1FFE74FF4F1
:107A40000060079070E09DF80E000006002804D545
:107A5000FFE74FF48050079066E09DF80E00400667
:107A6000002804D5FFE74FF4005007905CE09DF834
:107A70000E008006002804D5FFE74FF480400790F1
:107A800052E09DF80E00C006002804D5FFE74FF431
:107A90000040079048E09DF80E004007002804D5FC
:107AA000FFE74FF4003007903EE09DF80E0080079E
:107AB000002804D5FFE74FF48020079034E09DF8BC
:107AC0000E00C00720B1FFE74FF4002007902BE025
:107AD0009DF80D000006002804D5FFE74FF4801044
:107AE000079021E09DF80D004006002804D5FFE72F
:107AF0004FF40010079017E09DF80D008006002855
:107B000004D5FFE74FF4800007900DE09DF80C00CE
:107B10000007002804D5FFE74FF40000079003E0BA
:107B20004FF480300790FFE7079808B080BD000051
:107B300085B0039040F20400C2F200000068C00863
:107B400044F6D351C1F26201A0FB0110800941F259
:107B5000883148430190FFE70198411E019120B907
:107B6000FFE74FF00040049033E00398406B029031
:107B7000FFE701209DF8081011F0450F009006D096
:107B8000FFE79DF80900C0F3C0000090FFE70098F0
:107B9000C0070028E0D1FFE70398406B40070028AA
:107BA00005D5FFE7039904208863049011E003984A
:107BB000406BC00728B1FFE7039901208863049058
:107BC00007E00399C5208863FFE7FFE700200490E2
:107BD000FFE7049805B0704785B0039040F20400B9
:107BE000C2F200000068C00844F6D351C1F262013D
:107BF000A0FB0110800941F2883148430190FFE762
:107C00000198411E019120B9FFE74FF00040049018
:107C100028E00398406B0290FFE701209DF80810D0
:107C200011F0450F009006D0FFE79DF80900C0F362
:107C3000C0000090FFE70098C0070028E0D1FFE7F0
:107C40000398406B4007002805D5FFE703990420FF
:107C50008863049006E00399C5208863FFE700204D
:107C60000490FFE7049805B07047000080B588B025
:107C700006908DF81710049240F20400C2F2000042
:107C80000068C00844F6D351C1F26201A0FB0110A4
:107C9000800941F2883148430190FFE70198411E75
:107CA000019120B9FFE74FF00040079065E006988A
:107CB000406B0290FFE701209DF8081011F0450F7E
:107CC000009006D0FFE79DF80900C0F3C0000090C7
:107CD000FFE70098C0070028E0D1FFE70698406B57
:107CE0004007002805D5FFE7069904208863079020
:107CF00043E00698406BC00728B1FFE706990120D2
:107D00008863079039E0FFE7FFE70698FFF7D4FAAA
:107D10009DF81710884203D0FFE7012007902CE060
:107D20000699C520886306980021FFF7D5FA0390CD
:107D30009DF80D0010F0E00F07D1FFE7BDF80E0031
:107D4000049908800020079017E09DF80D00400678
:107D5000002804D5FFE74FF4005007900DE09DF890
:107D60000D000006002804D5FFE74FF4805007906F
:107D700003E04FF480300790FFE7079808B080BD1C
:107D800085B0039040F20400C2F200000068C00811
:107D900044F6D351C1F26201A0FB0110800941F207
:107DA000883148430190FFE70198411E019120B9B5
:107DB000FFE74FF0004004903AE00398406B0290D8
:107DC000FFE701209DF8081011F0450F009006D044
:107DD000FFE79DF80900C0F3C0000090FFE700989E
:107DE000C0070028E0D1FFE70398406B4007002858
:107DF00005D5FFE7039904208863049018E00398F1
:107E0000406BC00728B1FFE7039901208863049005
:107E10000EE0FFE7FFE70398406B4006002804D51B
:107E2000FFE7039940208863FFE700200490FFE705
:107E3000049805B07047000080B586B0059005989D
:107E4000806B04900598F9F711FA022844D0FFE7F7
:107E50000498006C406D02900498C06B406D0190D6
:107E60000298012804D0FFE70198012830D1FFE7EC
:107E70000498016840F2FF50C0F240008863049803
:107E80000168C86B20F49D70C8630499886B40F04A
:107E9000804088630498FAF7EBFF03900398062864
:107EA00004D0FFE7039805280AD1FFE7049800688B
:107EB000FFF792FC02460499886B10438863FFE742
:107EC0000499012081F83400049900200863FFE739
:107ED0000498FAF743FEFFE706B080BD80B584B092
:107EE00003900398806B02900298016840F23A5028
:107EF00088630298FAF7BCFF01900299012081F88B
:107F000034000299002008630198062804D0FFE796
:107F1000019805280AD1FFE702980068FFF75CFC8A
:107F200002460299886B10438863FFE70298806BD2
:107F300020B9FFE70298FAF78FFC03E00298FAF7FE
:107F40000DFEFFE704B080BD82B001900198806B08
:107F5000009000980168C86B40F48070C86302B05C
:107F60007047000080B584B003900398806B029046
:107F70000298016840F23A5088630298FAF778FF55
:107F800001900299012081F83400029900200863D1
:107F90000198062804D0FFE7019805280AD1FFE7D9
:107FA00002980068FFF718FC02460299886B10439C
:107FB0008863FFE70298806B20B9FFE70298FAF721
:107FC0004BFC03E00298FAF7C9FDFFE704B080BD5F
:107FD00080B590B00E900D91F9F752FE05900020FB
:107FE0000490039002900D9801900E98006808216B
:107FF000FFF72EFA0690069818B1FFE706980F9043
:10800000B1E00E990868096D0904FFF7E5F90690DB
:10801000069818B1FFE706980F90A4E04FF0FF30E4
:108020000790082008903020099002200A90002034
:108030000B9001200C900E98006807A9FFF718F923
:108040000E980068FFF756FB0690069818B1FFE7F8
:1080500006980F9087E0FFE70E980068406B10F0DD
:108060002A0F28D1FFE70E980068406B8002002895
:108070000CD5FFE70E980068FFF778F9049A02A97B
:1080800041F8220004980130049008E00E9800683E
:10809000406B8004002801D4FFE70CE0FFE7F9F70C
:1080A000EFFD0599401A013020B9FFE74FF000407D
:1080B0000F9058E0D0E70E980068406B000700284A
:1080C00007D4FFE70E980068406B8005002806D5AE
:1080D000FFE70E980168082088630F9043E00E9830
:1080E0000068406B8007002806D5FFE70E980168FE
:1080F000022088630F9036E00E980068406B80067F
:10810000002806D5FFE70E980168202088630F90AD
:1081100029E00E98016840F23A50886303990806F6
:1081200001F47F4240EA022001F47F0240EA12207B
:1081300040EA1160019908600198043001900299A9
:10814000080601F47F4240EA022001F47F0240EA7F
:10815000122040EA116001990860FFE7FFE7FFE79E
:1081600000200F90FFE70F9810B080BDB0B592B01F
:1081700010900120ADF80E0010980068FFF7A4F8E9
:1081800020B9FFE74FF080601190B1E01098406C8B
:1081900003282AD0FFE710980068FFF779FA0490C7
:1081A000049818B1FFE704981190A1E010980068B6
:1081B0000021FFF791F81099486710980068042192
:1081C000FFF78AF810998867109800680821FFF770
:1081D00083F81099C867109800680C21FFF77CF8A5
:1081E0001099C1F88000FFE7FFE71098406C032862
:1081F0000ED0FFE7109800680DF10E01FFF7B4FAFA
:108200000490049818B1FFE70498119070E0FFE71C
:108210001098406C03282FD0FFE7BDF80E0010998E
:10822000086510990868096D0904FFF749FA049078
:10823000049818B1FFE70498119059E0109800686D
:108240000021FFF749F8109948661098006804214A
:10825000FFF742F810998866109800680821FFF728
:108260003BF81099C866109800680C21FFF734F8A5
:1082700010990867FFE7FFE7109800680421FFF7EF
:108280002BF8000D1099C864109805A9FAF7AAFCFC
:1082900020B1FFE74FF08050119029E01099086855
:1082A000096D0A040023FFF7D3F90490049818B16C
:1082B000FFE7049811901BE0DDF840E0DEF80000D5
:1082C000DEF80410DEF80820DEF80C30DEF810C00E
:1082D000DEF81440DEF81850EE46CEF80850CEF81E
:1082E0000440CEF800C0FFF70BF800201190FFE724
:1082F000119812B0B0BD000080B588B00690002083
:1083000005900490039006980068FFF7F9F8029032
:10831000029818B1FFE70298079089E00698006874
:10832000FFF704F90290029878B1FFE70699002060
:10833000886406980068FFF7E3F80290029818B185
:10834000FFE70298079073E003E006990120886434
:10835000FFE70698806C01280ED1FFE706980068B9
:108360000021FFF739F80290029820B1FFE74FF0A3
:10837000805007905CE0FFE7FFE7059900204FF68B
:10838000FE729142019006D8FFE70398B0FA80F0A0
:1083900040090190FFE70198C00770B3FFE7069816
:1083A00000680021FFF718F80290029818B1FFE763
:1083B000029807903CE0069800680021CCF210116A
:1083C000FFF728F80290029820B1FFE74FF08050A5
:1083D00007902DE0069800680021FEF77DFF0490CD
:1083E00004994FF0FF3000EBD170B0FA80F04009F3
:1083F0000390059801300590BFE705984FF6FF718F
:10840000884204D3FFE74FF08070079010E09DF89A
:1084100013004006002804D5FFE7069901204864B0
:1084200003E0069900204864FFE700200790FFE77B
:10843000079808B080BD000080B586B0059005980B
:10844000806A01900598C06A0290029800283FD087
:10845000FFE700200490FFE70498072831D8FFE7E2
:1084600005980068FEF782FF039003980199087051
:108470000198013001900298013802900398000A97
:10848000019908700198013001900298013802901A
:10849000BDF80E0001990870019801300190029812
:1084A000013802909DF80F00019908700198013081
:1084B0000190029801380290FFE70498013004907F
:1084C000CAE701980599886202980599C862FFE792
:1084D00006B080BD80B58EB00C900B91F9F7D0FB43
:1084E00003900B9801900C9800680021FEF7F4FEB1
:1084F0008001002804D5FFE74FF400600D90BDE037
:108500000C9800684021FEF7A3FF0490049830B156
:10851000FFE70C99886B886304980D90AEE00C9986
:108520000868096D0904FEF757FF0490049830B1FC
:10853000FFE70C99886B886304980D909EE04FF0DC
:10854000FF300590402006906020079002200890A0
:108550000020099001200A900C98006805A9FEF7F8
:1085600087FE0C980068FFF71BF90490049830B15F
:10857000FFE70C99886B886304980D907EE0FFE715
:108580000C980068406B40F22A41084229D1FFE76D
:108590000C980068406B0004002816D5FFE7002007
:1085A0000290FFE7029807280ED8FFE70C980068B2
:1085B000FEF7DCFE01990860019804300190FFE7A6
:1085C000029801300290EDE7FFE7F9F759FB0399B4
:1085D000401A013020B9FFE74FF000400D904DE008
:1085E000CEE70C980068406B0007002807D4FFE72F
:1085F0000C980068406B8005002803D5FFE7082031
:108600000D903BE00C980068406B8007002803D574
:10861000FFE702200D9031E00C980068406B800667
:10862000002803D5FFE720200D9027E0FFE7FFE7B4
:10863000FFE7FFE70C980068406B8002002815D523
:10864000FFE70C980068FEF791FE01990860019819
:1086500004300190F9F714FB0399401A013020B956
:10866000FFE74FF000400D9008E0E3E70C98016849
:1086700040F23A50886300200D90FFE70D980EB04D
:1086800080BD000080B586B004900391039820B9A6
:10869000FFE74FF00060059018E004990868096D45
:1086A0000904FFF743F80290029818B1FFE7029817
:1086B00005900BE00498006800210191FEF70CFE84
:1086C00001460198039A11600590FFE7059806B0EE
:1086D00080BD000080B586B0049000210391029116
:1086E00004980068FEF7F8FD8001002804D5FFE734
:1086F0004FF4006005902FE0049802A9FFF768FC92
:108700000190019818B1FFE70198059024E09DF8C9
:108710000E00C007E0B1FFE704990868096D09047D
:10872000FEF75AFE0190019818B1FFE701980590F5
:1087300012E0049800680021FEF7A8FE019001985D
:1087400018B1FFE70198059006E00020059003E0CE
:108750004FF080600590FFE7059806B080BD0000EF
:1087600080B586B0049000210391029104980068BE
:10877000FEF7B2FD8001002804D5FFE74FF400604A
:10878000059030E0049802A9FFF722FC01900198BF
:1087900018B1FFE70198059025E09DF80E0040070D
:1087A00000281CD5FFE704990868096D0904FEF745
:1087B00013FE0190019818B1FFE70198059012E0AF
:1087C000049800680221FEF761FE0190019818B13B
:1087D000FFE70198059006E00020059003E04FF0C8
:1087E00080600590FFE7059806B080BD80B586B033
:1087F00005900598006A01900598406A02900298D9
:10880000002845D0FFE700200490FFE704980728E0
:1088100037D8FFE701980078039001980130019064
:1088200002980138029001980178039840EA0120EB
:10883000039001980130019002980138029001984C
:108840000178039840EA01400390019801300190BB
:1088500002980138029001980178039840EA01607B
:108860000390019801300190029801380290059818
:10887000006803A9FEF7A4FDFFE704980130049007
:10888000C4E7019805990862029805994862FFE7D4
:1088900006B080BD80B542F2F020C2F20000FBF7C6
:1088A000A3F980BD80B582B001900198806B0090E3
:1088B00000990020C8870099C8860098FBF790F9B6
:1088C00002B080BD80B582B001900198806B0090AD
:1088D00000980168486820F0030048600099486DDE
:1088E00040F0100048650099012081F8510000987F
:1088F000FBF776F902B080BD80B582B00190019897
:10890000806B00900098FBF767FE02B080BD00000E
:1089100080B584B003900398806B0290F9F7B0F9AA
:10892000019003980068006800F48070B0F5807FC3
:108930003BD0FFE702980168486820F020004860BB
:1089400002980168486820F0020048600298019A85
:10895000642100F031F830B1FFE70299486D40F032
:1089600020004865FFE70298806870B9FFE7FFE7DD
:108970000020009002980068C0680090029800688B
:10898000806800900098FFE7FFE702990020C88602
:108990000299012081F851000298406D20B1FFE753
:1089A0000298FBF71DF904E0FFE70298FBF7F6FDDC
:1089B000FFE704B080BD000080B586B0049003914D
:1089C00002920498039B02996A46116002210122D7
:1089D00000F058F848B1FFE70499486D40F02000D6
:1089E000486503208DF8170048E040F20400C2F209
:1089F000000000684AF6AB21CAF6AA21A0FB0110CC
:108A000000094FF2A171C1F2C601A0FB0110000CD8
:108A10004FF47A714843019004984068B0F5827F22
:108A200015D1FFE70498039B02996A4611608021E3
:108A3000002200F027F848B1FFE70499486D40F0A4
:108A40002000486503208DF8170017E012E0FFE7CB
:108A5000019808B9FFE70CE0019801380190FFE7A1
:108A6000049800688068C1B20020B0EBD11FEFD13C
:108A7000FFE7FFE700208DF81700FFE79DF81700DC
:108A800006B080BD80B58AB0DDF830C0089007918F
:108A90008DF81B20059305980190F9F7F1F802462F
:108AA00001980C99891A08440390F9F7E9F80290A3
:108AB000039840F20401C2F200010968C1F3CB310E
:108AC00048430490FFE708980068806807990840C9
:108AD000401AB0FA80F040099DF81B1088425FD020
:108AE000FFE705980130002859D0FFE7F9F7C8F8EB
:108AF0000299401A0399884204D2FFE7039800289C
:108B000042D1FFE708980168486820F0E00048601B
:108B100008984068B0F5827F13D1FFE70898806815
:108B2000B0F5004F06D0FFE708988068B0F5806F79
:108B300007D1FFE708980168086820F04000086046
:108B4000FFE70898806AB0F5005F0FD1FFE7FFE705
:108B500008980168086820F40050086008980168C7
:108B6000086840F400500860FFE7FFE7089901201B
:108B700081F85100FFE70899002081F85000FFE7D5
:108B800003208DF827000FE0049818B9FFE70020B4
:108B9000039003E0049801380490FFE7FFE792E7B1
:108BA00000208DF82700FFE79DF827000AB080BD60
:108BB0007047000080B540F20800C2F20000007863
:108BC0006F280ED0FFE740F20800C2F200000078E4
:108BD00040F20D01C2F2000108706F2003F060FB4B
:108BE00016E040F20D00C2F2000000786F2807D1B5
:108BF000FFE740F20D01C2F2000177200870FFE7A5
:108C000040F20D00C2F20000007803F049FBFFE7DC
:108C100080BD000080B582B0ADF804000020ADF842
:108C20000200FFE741F20000C4F202000421F8F75D
:108C3000F7FFF8B9FFE7BDF802000130ADF8020018
:108C40000120F8F7C3FDBDF80200BDF8041088420A
:108C50000FDDFFE76F2003F023FB41F20000C4F2B9
:108C6000020008210022F8F7F3FF01208DF8070029
:108C700005E003E000208DF8070000E0D2E79DF852
:108C8000070002B080BD000080B584B0ADF80C00D4
:108C90000020ADF80A00FFE741F20000C4F2020034
:108CA0000421F8F7BDFF00BBFFE7BDF80A00013063
:108CB000ADF80A000120F8F789FDBDF80A00BDF8FB
:108CC0000C10884210DDFFE7672003F0E9FA41F25B
:108CD0000000C4F20200082101220192F8F7B8FF57
:108CE00001988DF80F0005E003E000208DF80F00DB
:108CF00000E0D1E79DF80F0004B080BD80B582B0E0
:108D0000009000980138B0F1807F03D3FFE7012085
:108D1000019019E0009801384EF21401CEF20001E2
:108D200008604FF0FF300F2101F094F94EF2180166
:108D3000CEF20001002008604EF21002CEF20002D6
:108D4000072111600190FFE7019802B080BD00008B
:108D500080B5F8F79BFF80BD80B594B008A830219E
:108D6000F7F778FA0020079006900590049003909A
:108D7000FFE70020029043F64000C4F202000168C1
:108D800041F080510160006800F08050029002982C
:108D9000FFE7FFE70020019047F20000C4F2000067
:108DA000016841F480410160006800F48040019056
:108DB0000198FFE7012008904FF4803009900220CD
:108DC0000E904FF480010F9104211091A021119178
:108DD00012900720139008A8F9F7DEF918B1FFE701
:108DE000F7F724FEFFE70F200390022004900020F5
:108DF00005904FF4A05006904FF48050079003A8C0
:108E00000521F8F7F9FF18B1FFE7F7F70FFEFFE7C5
:108E100014B080BD4EF68851CEF20001086840F4CF
:108E2000700008607047000080B542F29030C2F2D6
:108E30000000FCF779FA80BD80B542F2D830C2F26A
:108E40000000FCF771FA80BD80B542F22040C2F20A
:108E50000000FCF769FA80BD83B00290019102988E
:108E60000068009002980021C4F20101884225D0D8
:108E7000FFE70298B0F1804F20D0FFE7029840F260
:108E80000041C4F20001884218D0FFE7029840F682
:108E90000001C4F20001884210D0FFE7029840F6BA
:108EA0000041C4F20001884208D0FFE7029840F276
:108EB0000041C4F2010188420AD1FFE7009820F086
:108EC0007000009001984168009808430090FFE707
:108ED00002980021C4F20101884255D0FFE70298B0
:108EE000B0F1804F50D0FFE7029840F20041C4F249
:108EF0000001884248D0FFE7029840F60001C4F222
:108F00000001884240D0FFE7029840F60041C4F2D9
:108F10000001884238D0FFE7029840F20041C4F2D5
:108F20000101884230D0FFE7029844F20001C4F208
:108F30000101884228D0FFE7029844F20041C4F2C0
:108F40000101884220D0FFE7029844F60001C4F2F4
:108F50000101884218D0FFE7029841F60001C4F2EF
:108F60000001884210D0FFE7029841F60041C4F2A8
:108F70000001884208D0FFE7029842F20001C4F2E3
:108F8000000188420AD1FFE7009820F44070009069
:108F90000198C168009808430090FFE7009820F00E
:108FA00080000199496908430090019880680299FE
:108FB000C862019800680299886202980021C4F290
:108FC0000101884208D0FFE7029840F20041C4F254
:108FD0000101884205D1FFE7019800690299086301
:108FE000FFE70299086840F0040008600299012038
:108FF000486100980299086003B0704784B00390FC
:1090000002910192029800F01F0101208840009017
:10901000009A0399086A904308620198029901F046
:109020001F0100FA01F20399086A1043086204B0B4
:109030007047000085B00490039102920193049858
:1090400080680090009820F47F4000900398029977
:10905000019A41EA022101430098084300900098D8
:109060000499886005B0704783B00290019102981E
:1090700080680090009820F070000090019800999E
:10908000084340F00700009000980299886003B000
:109090007047000085B0049003910498006A019025
:1090A0000499086A20F00100086204984068009062
:1090B000049880690290029820F070000290029853
:1090C00020F0030002900398016802980843029080
:1090D000019820F0020001900398816801980843EC
:1090E000019004980021C4F20101884208D0FFE7F2
:1090F000049840F20041C4F2010188420ED1FFE71A
:10910000019820F0080001900398C1680198084375
:109110000190019820F004000190FFE704980021DD
:10912000C4F20101884208D0FFE7049840F20041F0
:10913000C4F20101884213D1FFE7009820F4807047
:109140000090009820F40070009003984169009806
:109150000843009003988169009808430090FFE756
:1091600000980499486002980499886103984068BF
:109170000499486301980499086205B0704700009B
:1091800085B0049003910498006A01900499086ADC
:1091900020F01000086204984068009004988069EC
:1091A0000290029820F4E0400290029820F440706F
:1091B000029003980168029840EA01200290019809
:1091C00020F02000019003988168019840EA011086
:1091D000019004980021C4F20101884208D0FFE701
:1091E000049840F20041C4F2010188420FD1FFE728
:1091F000019820F0800001900398C168019840EA2E
:1092000001100190019820F040000190FFE70498C0
:109210000021C4F20101884208D0FFE7049840F21F
:109220000041C4F20101884215D1FFE7009820F403
:1092300080600090009820F40060009003984169DD
:10924000009840EA8100009003988169009840EA04
:1092500081000090FFE70098049948600298049903
:1092600088610398406804998863019804990862AA
:1092700005B0704785B0049003910498006A01908E
:109280000499086A20F4807008620498406800908D
:109290000498C0690290029820F070000290029831
:1092A00020F003000290039801680298084302909E
:1092B000019820F40070019003988168019840EAB9
:1092C0000120019004980021C4F20101884208D0D5
:1092D000FFE7049840F20041C4F2010188420FD137
:1092E000FFE7019820F4006001900398C16801989D
:1092F00040EA01200190019820F480600190FFE78E
:1093000004980021C4F20101884208D0FFE70498C4
:1093100040F20041C4F20101884215D1FFE70098F4
:1093200020F480500090009820F4005000900398A2
:109330004169009840EA0110009003988169009803
:1093400040EA01100090FFE70098049948600298F5
:109350000499C861039840680499C8630198049906
:10936000086205B07047000085B00490039104982E
:10937000006A01900499086A20F4805008620498F9
:10938000406800900498C0690290029820F4E04080
:109390000290029820F440700290039801680298AD
:1093A00040EA01200290019820F4005001900398B7
:1093B0008168019840EA0130019004980021C4F2CC
:1093C0000101884208D0FFE7049840F20041C4F24E
:1093D000010188420BD1FFE7009820F48040009003
:1093E00003984169009840EA81100090FFE70098D7
:1093F0000499486002980499C861039840680499E8
:10940000086401980499086205B0704780B588B077
:109410000690059100208DF813000698006880687A
:109420000390039820F0700003900598416803981A
:1094300008430390039820F0070003900598016803
:109440000398084303900398069909688860059873
:109450004068009000285FD0FFE7009810285BD09C
:10946000FFE70098202857D0FFE70098302853D016
:10947000FFE70098402815D0FFE7009850283BD020
:10948000FFE7009860283FD0FFE70098702844D19C
:10949000FFE706980068059B9A68D9681B69FFF783
:1094A000C9FD3EE005980068052804D1FFE70120CA
:1094B0008DF81F003AE006980068006A019006984F
:1094C0000168086A20F00100086206980068806957
:1094D0000290029820F0F00002900598016902982D
:1094E00040EA011002900298069909688861019883
:1094F00006990968086214E006980068059A916860
:10950000126900F017F80CE006980068059A916857
:10951000126900F0C3F804E003E001208DF81300A5
:10952000FFE79DF813008DF81F00FFE79DF81F006F
:1095300008B080BD85B00490039102920498006A3F
:1095400000900499086A20F001000862049880697C
:109550000190019820F0F00001900299019840EAF2
:1095600001100190009820F00A00009003990098E3
:109570000843009001980499886100980499086252
:1095800005B0704787B00690059104920393069842
:10959000006A01900699086A20F0010008620698A6
:1095A00080690290069901200022C4F201029142D2
:1095B000009044D0FFE706990120B1F1804F009060
:1095C0003DD0FFE70699012040F20042C4F20002BC
:1095D0009142009033D0FFE70699012040F6000247
:1095E000C4F200029142009029D0FFE706990120C1
:1095F00040F60042C4F20002914200901FD0FFE703
:109600000699012040F20042C4F20102914200900A
:1096100015D0FFE70699012044F20002C4F20102CE
:10962000914200900BD0FFE706984EF60001CBF672
:10963000FF710844B0FA80F040090090FFE70098FD
:10964000C00748B1FFE7029820F003000290049998
:1096500002980843029004E0029840F00100029052
:10966000FFE7029820F0F000029003980001C1B2D9
:10967000029808430290019820F00A000190059892
:1096800000F00A0101980843019002980699886148
:1096900001980699086207B07047000085B00490F1
:1096A000039102920498006A00900499086A20F0DD
:1096B00010000862049880690190019820F47040BD
:1096C00001900299019840EA01300190009820F041
:1096D000A00000900399009840EA011000900198C2
:1096E0000499886100980499086205B070470000E9
:1096F00086B005900491039202930598006A009049
:109700000599086A20F010000862059880690190A8
:10971000019820F4407001900399019840EA0120DB
:109720000190019820F4704001900298000381B2EA
:10973000019808430190009820F0A0000090049840
:1097400000F00A01009840EA011000900198059984
:10975000886100980599086206B0704786B0059048
:109760000491039202930598006A00900599086A93
:1097700020F4807008620598C0690190019820F07B
:10978000030001900399019808430190019820F08B
:10979000F000019002980001C1B2019808430190C5
:1097A000009820F420600090049800F00A010098CE
:1097B00040EA0120009001980599C8610098059938
:1097C000086206B07047000086B0059004910392CD
:1097D00002930598006A00900599086A20F4805069
:1097E00008620598C0690190019820F440700190CA
:1097F0000399019840EA01200190019820F47040FB
:1098000001900298000381B20198084301900098EA
:1098100020F420400090049800F00A01009840EAEB
:109820000130009001980599C86100980599086277
:1098300006B0704780B582B001900198806B0090AF
:1098400000990020C8850098FCF74CFA02B080BD52
:1098500080B584B00390002002900398806B019043
:10986000019800684069C0B2C0090290019890F860
:10987000410021280AD1FFE7029838B1FFE701999A
:109880000020C884019800F05DF9FFE701980068A6
:109890004069C0F380100290019890F8420022289D
:1098A0000AD1FFE7029838B1FFE701990020C88587
:1098B000019800F0E9F8FFE70199486C40F01000CA
:1098C00048640198FCF70EFA04B080BD80B586B0FC
:1098D00005900598806B0490059800680068C005A5
:1098E00000285AD4FFE704990020C885FFE7FFE766
:1098F0000498006850E8030F20F480700390FFE79D
:1099000003990498026842E803100028F0D1FFE7A9
:10991000FFE7FFE7FFE70498006850E8050F20F035
:1099200001000290FFE702990498026842E80510DE
:109930000028F0D1FFE7FFE7FFE7FFE704980068A2
:1099400050E8050F20F040000190FFE701990498CE
:10995000026842E805100028F0D1FFE7FFE704990C
:10996000202081F842000498006B012814D1FFE701
:10997000FFE7FFE70498006850E8030F20F01000AD
:109980000090FFE700990498026842E8031000285D
:10999000F0D1FFE7FFE7FFE7FFE704990020486306
:1099A0000498006B012805D1FFE70498818DFCF72E
:1099B0002DF903E00498FCF75DFDFFE706B080BDDC
:1099C00080B582B001900198806B009000990120D1
:1099D00048630098006B012806D1FFE70098818D4D
:1099E0004908FCF713F903E00098FCF747FDFFE78F
:1099F00002B080BD80B584B003900398806B029064
:109A0000039800680068C00500282AD4FFE702997F
:109A10000020C884FFE7FFE70298006850E8050FC0
:109A200020F080000190FFE701990298026842E867
:109A300005100028F0D1FFE7FFE7FFE7FFE70298F6
:109A4000006850E8030F40F040000090FFE70099E5
:109A50000298026842E803100028F0D1FFE7FFE710
:109A600003E00298FCF7ECFDFFE704B080BD0000C6
:109A700080B582B001900198806B00900098FCF74F
:109A80001DFE02B080BD000084B00390FFE7FFE739
:109A90000398006850E8030F20F490700290FFE7ED
:109AA00002990398026842E803100028F0D1FFE70A
:109AB000FFE7FFE7FFE70398006850E8050F20F095
:109AC00001000190FFE701990398026842E8051040
:109AD0000028F0D1FFE7FFE70398006B012814D1BD
:109AE000FFE7FFE7FFE70398006850E8030F20F067
:109AF00010000090FFE700990398026842E8031005
:109B00000028F0D1FFE7FFE7FFE70399202081F865
:109B1000420003990020086304B0704780B582B00A
:109B2000019001980168C86820F04000C860019960
:109B3000202081F841000198FCF782FD002002B04E
:109B400080BD000082B00190FFE7FFE70198006848
:109B500050E8030F20F0C0000090FFE70099019843
:109B6000026842E803100028F0D1FFE7FFE70199FF
:109B7000202081F8410002B07047000080B586B017
:109B80000490002003900290049890F8420022284C
:109B900040F0A080FFE704988068B0F5805F13D1A3
:109BA000FFE70498006978B9FFE70498806A02909B
:109BB0000498006840686FF35F2002990880049958
:109BC000886A0230886223E00498806A03900498CF
:109BD0008068B0F5805F08D0FFE70498806850B9CE
:109BE000FFE70498006930B9FFE70498006840680F
:109BF0000399087007E004980068406800F07F004F
:109C000003990870FFE70499886A01308862FFE7CA
:109C10000499C88D0138C8850004002856D1FFE793
:109C200004980168C86820F02000C86004980168A2
:109C3000C86820F48070C86004980168486920F002
:109C4000010048610499202081F842000499002015
:109C500048630498006B012830D1FFE70499002085
:109C60000863FFE7FFE70498006850E8030F20F05F
:109C700010000190FFE701990498026842E8031080
:109C80000028F0D1FFE7FFE7049800680068C006ED
:109C900000280ED5FFE7FFE7002000900498006839
:109CA0000068009004980068406800900098FFE702
:109CB000FFE70498818DFBF7A9FF03E00498FCF708
:109CC000D9FBFFE700208DF8170007E000208DF892
:109CD000170003E002208DF81700FFE79DF817003A
:109CE00006B080BD80B586B0059005980068006913
:109CF00020F44050059A1168D26810430861059914
:109D000088680B694A69C96918431043084304907D
:109D100005980068C06849F20C61884304990843BB
:109D200005990968C86005980068406920F440708A
:109D3000059A11689269104348610598006841F2DC
:109D40000001C4F20101884209D0FFE705980068CC
:109D500041F20041C4F20101884204D1FFE7F8F763
:109D600095F9039003E0F8F77FF90390FFE7059872
:109D7000C069B0F5004F29D1FFE703981921A0FB76
:109D80000101059A1368029353685A00DB0FF6F736
:109D900017FA0299864648F21F53C5F2EB13AEFB41
:109DA0000320420910014FF0640C02FB1CEC32222C
:109DB00002EBCC02A2FB0332F82303EA521300EBBE
:109DC0004300C2F342121044886026E00398192130
:109DD000A0FB0101059A1368019353689A009B0F39
:109DE000F6F7EEF90199844648F21F52C5F2EB12DC
:109DF000ACFB02304309642003FB10CC322000EBA3
:109E00000C10A0FB0202F02000EA521000EB03103D
:109E1000C2F3431210448860FFE706B080BD000023
:109E200080B58AB008900791ADF81A200798089974
:109E30008862BDF81A00089988850899002048644E
:109E4000089A222182F842100899CA6B49F6CD017E
:109E5000C0F60001D1630899CA6B49F6C111C0F67A
:109E6000000111640899CA6B49F65101C0F600015E
:109E7000D1640899C96B086507A80590089801681E
:109E8000C06B0431059A1268BDF81A30F7F73CFC34
:109E900058B1FFE70899102048640899202081F8FC
:109EA000420001208DF827004EE0FFE700200490DB
:109EB000089800680068049008980068406804905A
:109EC0000498FFE708980069A0B1FFE7FFE7FFE704
:109ED0000898006850E8030F40F480700390FFE793
:109EE00003990898026842E803100028F0D1FFE7C0
:109EF000FFE7FFE7FFE7FFE70898006850E8050F76
:109F000040F001000290FFE702990898026842E8D9
:109F100005100028F0D1FFE7FFE7FFE7FFE708980B
:109F2000006850E8050F40F040000190FFE70199FC
:109F30000898026842E805100028F0D1FFE7FFE723
:109F400000208DF82700FFE79DF827000AB080BDAC
:109F500083B00190019890F8410021283AD1FFE7A1
:109F600001988068B0F5805F13D1FFE70198006920
:109F700078B9FFE70198006A0090009800886FF3B5
:109F80005F200199096848600199086A02300862F7
:109F900008E0019A106A411C116200780199096871
:109FA0004860FFE70199C88C0138C884000468B98B
:109FB000FFE701980168C86820F08000C860019838
:109FC0000168C86840F04000C860FFE700208DF8D5
:109FD0000B0003E002208DF80B00FFE79DF80B005B
:109FE00003B0704780B542F26840C2F20000FBF750
:109FF0007DFE80BD80B582B042F2B040C2F200006A
:10A000000190FBF773FE0198FCF73CFA02B080BDAB
:10A01000FFE7FEE781B08DF803009DF903000028FB
:10A020000ED4FFE79DF9031001F01F0201209040BC
:10A030004A094EF20011CEF2000141F82200FFE77A
:10A0400001B070474EF60C50CEF200000068C0F32D
:10A050000220704782B08DF8070000919DF907003B
:10A0600000280AD4FFE7009800019DF907104EF27E
:10A070000042CEF2000288540BE0009800019DF8E7
:10A08000071001F00F014EF61452CEF20002885470
:10A09000FFE702B07047000083B00290029800F022
:10A0A000070000904EF60C51CEF2000108680190B6
:10A0B00001984FF6FF02104001900198009A40EA83
:10A0C00002200022C0F2FA52104301900198086069
:10A0D00003B0704780B586B005900491ADF80E20AE
:10A0E0000020C4F202000290022101910022F7F741
:10A0F000AFFD0599049ABDF80E30EC466420CCF80B
:10A10000000042F29820C2F20000F9F7BFFF019967
:10A1100002980122F7F79CFD06B080BD80B582B0A1
:10A120008DF806009DF806000A280DDBFFE79DF874
:10A1300006104DF28C50C0F600000922F6F764FCC0
:10A14000FF208DF8070004E09DF806008DF8070059
:10A15000FFE79DF8070002B080BD000081B040F627
:10A160001C01C2F2000110208870C87000208DF818
:10A170000300FFE79DF8030040F61C01C2F2000156
:10A180008978884221DAFFE79DF8032040F61C0019
:10A19000C2F20000811C01EB42034FF6FF725A80AD
:10A1A0009DF803302C301022C2549DF80320805CAF
:10A1B000114491F83E20104481F83F00FFE79DF8DC
:10A1C000030001308DF80300D4E701B070470000B0
:10A1D00082B08DF8070000919DF8070000EB400168
:10A1E00040F24C00C2F2000050F82100D8B3FFE763
:10A1F0009DF8070000EB400340F24C01C2F2000161
:10A2000001EB8302506851F82330B0FBF3F090600B
:10A210009DF8070000EB400001EB80004089009AA8
:10A2200010709DF8070000EB400001EB8000806893
:10A23000000A009A50709DF8070000EB400001EB07
:10A2400080008068009A90709DF8070000EB400045
:10A2500001EB8002002050609DF8072002EB4202D3
:10A2600041F82200FFE702B07047000081B040F6DD
:10A270001C01C2F2000111F8020F084490F83E00E0
:10A280000090009800EB4002042000EB4200C1F86F
:10A290005A00D1F85A000B30C1F85E0001B0704787
:10A2A00080B588B00790069140F61C02C2F2000209
:10A2B00002F56E600590069B05988179B3FBF1F07D
:10A2C00000FB11308DF81300069805998979B0FBD1
:10A2D000F1F003900598017A00EB41239DF81300FB
:10A2E000116E00FB01300930029002980799126E3E
:10A2F000F5F797FF9DF81300059989790139884290
:10A3000020D1FFE705990A680398C97900FB01206D
:10A3100001900598C279017A00EB4120093001993A
:10A3200001F09CFE38B1FFE74CF67660C0F6000005
:10A33000F6F76AFBFFE70599087A013818BF012094
:10A340000872FFE708B080BD80B582B0ADF80600A6
:10A35000BDF80600B0F57A6F04DBFFE7672001F077
:10A360009FFF1FE0BDF8060040F6EC61884204DB69
:10A37000FFE7792001F094FF13E0BDF8060040F6F6
:10A380009261884204DBFFE7722001F089FF07E059
:10A3900040F20C10C2F20000007800F091FDFFE7DF
:10A3A000FFE7FFE700F030FD02B080BD80B58AB066
:10A3B0000020C4F202000490012105910022F7F769
:10A3C00047FC0498059A0221F7F742FC1920F6F79A
:10A3D0001FFB092001F092FB8DF827009DF8270054
:10A3E0008B280CD0FFE79DF827204DF24A50C0F68D
:10A3F00000008B21F6F708FBF6F718FB5FE0002062
:10A400000190ADF8240008900790ADF82400089062
:10A41000079016218DF81C1003218DF81D100921BD
:10A42000039107AA029202F067FB0198039901F0D9
:10A4300021FB0298039A42F2FF41C2F20001F5F7B4
:10A4400014FFA8B3FFE74DF29460C0F60000F6F7E2
:10A45000DBFA00208DF81B00FFE79DF81B000828A1
:10A4600023DCFFE79DF81B2007A8805C42F2FF4138
:10A47000C2F20001895C884210D0FFE79DF81B10F2
:10A4800007A8425C42F2FF40C2F20000435C4DF27A
:10A490000060C0F60000F6F7B7FAFFE7FFE79DF8A7
:10A4A0001B0001308DF81B00D7E7F6F7BFFA06E076
:10A4B0004DF28060C0F60000F6F7A6FAFFE70AB09A
:10A4C00080BD000083B00290ADF806100020ADF80A
:10A4D0000400ADF80200FFE7BDF80200BDF8061069
:10A4E00088421EDAFFE79DF805000299BDF80220B8
:10A4F000895C48408DF80100BDF804109DF80120EA
:10A5000040F21010C2F2000030F8120080EA012080
:10A51000ADF80400FFE7BDF802000130ADF802001D
:10A52000DAE7BDF8040003B07047000082B0ADF870
:10A530000400BDF804004CF66651C0F6000109881D
:10A54000884204DAFFE700208DF8070030E0BDF80C
:10A5500004004CF66651C0F60001898A884204DB8B
:10A56000FFE764208DF8070022E00A200090FFE753
:10A570000098002818D4FFE7BDF80400009A4CF6B4
:10A580006651C0F6000131F81210884207DBFFE780
:10A59000009800EB800040008DF8070008E0FFE71E
:10A5A000009801380090E3E700208DF80700FFE7EE
:10A5B0009DF8070002B0704780B582B040F22400D9
:10A5C000C2F2000000902421F5F744FE009900201B
:10A5D000086006208DF80700FFE79DF807000328B4
:10A5E00016DBFFE740F22401C2F200010A689DF881
:10A5F000073042F2FF40C2F20000C05C40EA022095
:10A600000860FFE79DF8070001388DF80700E4E7D0
:10A6100000208DF80600FFE79DF806001F281FDCCC
:10A62000FFE740F22400C2F2000000689DF8061027
:10A63000C840C00768B1FFE79DF8060040F224015A
:10A64000C2F200010A790A44907108790130087158
:10A65000FFE7FFE79DF8060001308DF80600DBE715
:10A6600040F22400C2F20000007938B9FFE740F25E
:10A670002401C2F20001FF20487118E040F22400DA
:10A68000C2F200000079012807D1FFE740F224015F
:10A69000C2F20001FE20487108E040F22401C2F23B
:10A6A00000010879084400794871FFE7FFE702B02C
:10A6B00080BD000080B588B007900691002005900D
:10A6C0008DF813008DF8120006980A2808DCFFE7C1
:10A6D00006994DF62A00C0F60000F6F795F9FEE05F
:10A6E00007980178407840EA0120ADF810000798FB
:10A6F00040798DF80F00079880798DF80E00079843
:10A70000C179007A40EA0120ADF80C00BDF81000D4
:10A710004AF6AB31884209D0FFE7BDF810104DF67C
:10A72000EE00C0F60000F6F76FF9D8E0079906983A
:10A73000084410F8021C10F8010C40EA0120ADF8A2
:10A740000A0007980699023989B2FFF7BBFEADF8F7
:10A750000800BDF80A00BDF8081088420BD0FFE7DA
:10A76000BDF80A10BDF808204DF2EB70C0F60000ED
:10A77000F6F74AF9FFE740F24800C2F2000000781D
:10A7800008BBFFE740F24801C2F200010120087057
:10A790000798027941F61951C2F200018A70408887
:10A7A00008800798027941F60D51C2F200010A7142
:10A7B0004088488000F0BCF94DF64F20C0F60000FC
:10A7C000F6F722F9FFE79DF80F109DF80E20BDF86F
:10A7D0000C304DF6E910C0F60000F6F715F99DF8BB
:10A7E0000E00A03801460091232800F263800099F2
:10A7F000DFE801F02E60396060606060606060607A
:10A800006060606060606060606060606060606048
:10A810006060606012171E2300F09CFF8DF813002B
:10A8200051E000F0C7FF8DF8130000F0F9F94AE09D
:10A8300000F0F0F98DF8130045E0079809309DF815
:10A840000F10BDF80C2000F06DFB8DF813003AE0FE
:10A85000079809309DF80F10BDF80C2000F0ECF9B6
:10A860008DF813002FE00798407A8DF81200012030
:10A870008DF80700FFE79DF80700BDF80C1088422F
:10A8800017DAFFE707989DF807100844D0F8090089
:10A89000059005A8042101F069F99DF812000599B9
:10A8A00000F0E8FAFFE79DF8070004308DF8070094
:10A8B000E1E708E09DF80E104DF6D400C0F6000068
:10A8C000F6F7A2F8FFE79DF80E00A22807D0FFE7F1
:10A8D0009DF80E009DF8131000F0FAF8FFE708B09D
:10A8E00080BD000080B58AB00990F7F7C9F90890DB
:10A8F000099800F5FA7044F6D351C1F26201A0FB49
:10A90000011080090790079818BBFFE7099840F2EB
:10A910000401C2F2000109684DF68362C4F21B32E1
:10A92000A1FB0221890C43F23432C3F23332A1FB82
:10A9300002214843069000200590FFE705980699FC
:10A94000884205D2FFE7FFE7059801300590F5E75B
:10A9500035E00798F6F73AFFF7F792F90899401AA9
:10A960000490099A04984FF47A7100FB1120039027
:10A97000039818B3FFE7039840F20401C2F2000104
:10A9800009684DF68362C4F21B32A1FB0221890CD7
:10A9900043F23432C3F23332A1FB02214843029026
:10A9A00000200190FFE701980299884205D2FFE755
:10A9B000FFE7019801300190F5E7FFE7FFE70AB0F4
:10A9C00080BD000080B586B041F6E870C2F200009C
:10A9D0000490F6F795FA04986421F6F7FBF98DF8E0
:10A9E00017009DF81700002845D1FFE741F6E870F1
:10A9F000C2F20000F6F748F98005002833D5FFE7DA
:10AA000041F6E870C2F20000F6F744F9014640F260
:10AA10004A00C2F2000001900180008841F6C8118E
:10AA20004843010B40F20E10C2F200000290018078
:10AA30000088FFF77BFD0146029840F20C12C2F23B
:10AA40000002039211700088FFF77EFC0199029AC0
:10AA500003980988128803784DF2DA60C0F6000086
:10AA6000F5F7D2FF06E04DF29370C0F60000F5F75F
:10AA7000CBFFFFE706E04DF23870C0F60000F5F7B7
:10AA8000C3FFFFE741F6E870C2F20000F6F720FBD3
:10AA900006B080BD81B08DF802009DF80200142838
:10AAA00004DBFFE700208DF803000CE09DF80200B6
:10AAB0000A2804DBFFE701208DF8030003E00220F1
:10AAC0008DF80300FFE79DF8030001B07047000018
:10AAD00080B582B08DF807008DF806109DF807103C
:10AAE00041F60D50C2F20000009081719DF80610F1
:10AAF00041720A21FFF7E6FC01460098ADF8041008
:10AB0000BDF80420110A41EA022141810C2164228E
:10AB100001F0A2FF50B9FFE7672001F0C1FB4DF63D
:10AB20001930C0F60000F5F76FFFFFE702B080BDF7
:10AB300080B584B040F61C00C2F20000019041F2E2
:10AB4000F041F5F787FB0199002008700A20487052
:10AB5000FFF704FBFFF78AFB0198B0F85C30683020
:10AB600004210291A122039200F08AFA019802992D
:10AB7000039AB0F85C3000F5EE6000F081FA04B0A2
:10AB800080BD000080B584B0ADF80E0000200290BA
:10AB9000FFE70298FF2833DCFFE702980002ADF8D8
:10ABA0000C0000200190FFE7019807281ADCFFE75E
:10ABB000BDF80C000004002809D5FFE7BDF80C1013
:10ABC000BDF80E0080EA4100ADF80C0005E0BDF8CC
:10ABD0000C004000ADF80C00FFE7FFE701980130E2
:10ABE0000190E1E7BDF80C00029A40F21011C2F2A8
:10ABF000000121F81200FFE7029801300290C8E737
:10AC0000BDF80E104DF66030C0F60000F5F7FCFE02
:10AC100004B080BD40F20C10C2F200000078704712
:10AC200080B540F20C10C2F200000078FFF732FF4E
:10AC300080BD00000000000080B586B004908DF853
:10AC40000F10ADF80C2000208DF80B008DF80A00D5
:10AC50008DF809008DF80800FFE79DF8080003282B
:10AC600015DCFFE79DF80F009DF80810C840C007ED
:10AC700030B1FFE79DF80A0001308DF80A00FFE7C8
:10AC8000FFE79DF8080001308DF80800E5E7002097
:10AC90008DF80800FFE79DF808009DF80A1088422B
:10ACA00080F2A480FFE704989DF80910405C8DF8BD
:10ACB00007009DF80700082807DCFFE79DF80F0054
:10ACC0009DF8071008420CD1FFE79DF807104DF6DC
:10ACD000BA10C0F60000F5F797FE00208DF81700B7
:10ACE00089E09DF80700012805D0FFE79DF80700DF
:10ACF000022828D1FFE704999DF80900084440780C
:10AD00008DF806009DF80600F5F72BFB41EC100BC3
:10AD10009FED3B1B53EC112B51EC100BF5F7B2FAE6
:10AD200041EC100B01F074FF51EC100BF5F72AFB0E
:10AD300002308DF805009DF805109DF809000844C3
:10AD40008DF809004BE09DF80700042805D0FFE7C7
:10AD50009DF80700082841D1FFE704999DF80900F4
:10AD6000084440788DF8040004999DF809000844CF
:10AD700080788DF803009DF80300F5F7F2FA41ECB6
:10AD8000100B9FED1F1B53EC112B51EC100BF5F723
:10AD900079FA41EC100B01F03BFF51EC100BF5F789
:10ADA000F1FA8DF802009DF804009DF80210484366
:10ADB00003308DF8010004989DF809100844013013
:10ADC0009DF8021000F0A4FA8DF80B009DF8011018
:10ADD0009DF8090008448DF80900FFE7FFE7FFE749
:10ADE0009DF8080001308DF8080054E79DF80B002D
:10ADF0008DF81700FFE79DF8170006B080BD00BF73
:10AE0000000000000000204080B540F20C10C2F2AB
:10AE10000000007809281CDCFFE742F23000C2F293
:10AE200000000078A8B9FFE740F20C10C2F2000061
:10AE300001784DF25A70C0F60000F5F7E5FD72207A
:10AE400001F02EFA42F23001C2F200010120087036
:10AE50000FE040F20C10C2F2000000780A2807DB75
:10AE6000FFE742F23001C2F2000100200870FFE764
:10AE7000FFE780BD80B584B08DF80F0002919DF88A
:10AE80000F0001380146019107280DD80199DFE82C
:10AE900001F004050B060B0B0B0A0EE00DE0029807
:10AEA00000F08AFE09E008E09DF80F104DF68C10C6
:10AEB000C0F60000F5F7A8FDFFE704B080BD000074
:10AEC00080B582B08DF8070003208DF806009DF84C
:10AED000070013281CDCFFE742F23100C2F2000039
:10AEE0000078022813DCFFE79DF807104DF212707E
:10AEF000C0F60000F5F788FD722001F0D1F942F2AA
:10AF00003101C2F20001087801300870FFE706E065
:10AF100042F23101C2F2000100200870FFE702B0E6
:10AF200080BD000080B586B004908DF80F10ADF89C
:10AF30000C2000208DF80B008DF80A008DF8090018
:10AF4000FFE79DF80900032815DCFFE79DF80F00D7
:10AF50009DF80910C840C00730B1FFE79DF80A000E
:10AF600001308DF80A00FFE7FFE79DF80900013086
:10AF70008DF80900E5E79DF80A10BDF80C00B0EB6C
:10AF8000410F0AD0FFE74DF67F20C0F60000F5F72D
:10AF90003BFD00208DF817006DE000208DF80900C2
:10AFA000FFE79DF809009DF80A1088425EDAFFE786
:10AFB00004989DF8091010F811008DF80800049805
:10AFC0009DF8091000EB410040788DF807009DF8CE
:10AFD000080008283ADCFFE79DF80F009DF80810EC
:10AFE000084233D0FFE79DF8080001380146009180
:10AFF000072821D80099DFE801F004081F0C1F1F63
:10B000001F1B01208DF80B001FE001208DF80B00A5
:10B010001BE09DF8070000F045FB8DF80B009DF844
:10B0200007104DF66D10C0F60000F5F7EDFC0CE0D2
:10B0300001208DF80B0008E09DF808104DF6531024
:10B04000C0F60000F5F7E0FCFFE708E09DF8081007
:10B050004DF62210C0F60000F5F7D6FCFFE7FFE73B
:10B060009DF8090001308DF809009AE79DF80B0062
:10B070008DF81700FFE79DF8170006B080BD0000AF
:10B0800080B582B001908DF803108DF80220ADF8E4
:10B09000003001994BF6BA200880019941F6195009
:10B0A000C2F2000082780A71008848809DF803008F
:10B0B000019948719DF8020001998871BDF800104E
:10B0C000080A40EA01200199A1F807009DF8031041
:10B0D0009DF80220BDF800304DF61920C0F60000A2
:10B0E000F5F792FC02B080BD80B582B004208DF8E7
:10B0F000070041F22100FFF745FD42F2B040C2F2E5
:10B1000000000268D16841F01001D16041F6E861A9
:10B11000C2F200014FF48072FBF780F9FFE742F2C0
:10B12000F020C2F2000042F29401C2F200018164F8
:10B130008863FFE742F29400C2F2000001680868E9
:10B1400040F01000086041F60D51C2F200014BF6CC
:10B15000BA2008809DF8070048714FF48070A1F86C
:10B1600007004DF6EC20C0F60000F5F74DFC02B0EC
:10B1700080BD000080B582B041F62050C2F20000D0
:10B18000009042F29821C2F20001016042F248317F
:10B19000C2F20001416042F2D831C2F20001816086
:10B1A00000210191C1600A22C27440F6FF7202823E
:10B1B0003F228274C0F8BC1014304821F5F74AF8D9
:10B1C00000990198886748670867C8668866486676
:10B1D0000866C865C1F88800C1F88400C1F880001D
:10B1E000C867C1F8A800C1F8A400C1F8A000C1F860
:10B1F0009C00C1F89800C1F89400C1F89000C1F813
:10B200008C00C1F8B800C1F8B400C1F8B000C1F8B2
:10B21000AC0002B080BD000080B584B00020039077
:10B22000F6F742FDFDF798FDFBF748FCFBF7F0FB56
:10B23000FBF7AEFBFBF742FDFBF790FDFBF7B6FD1E
:10B24000FBF792FFFBF76EFFFBF73EFFFBF7D6FD28
:10B25000FBF764FEFBF7A4FE6420FDF715FDFFF786
:10B26000B1FB42F22040C2F20000F9F7B5FB00F05A
:10B2700007FA4CF67C50C0F60000F5F7C5FBFFE777
:10B2800041F6E050C2F2000090F80401D0B1FFE7AF
:10B2900041F6E050C2F200000190D0F800114CF6E7
:10B2A0008D50C0F60000F5F7AFFB0199002081F842
:10B2B0000401772000F0F4FF0198D0F80011FFF7A7
:10B2C000F9F9FFE741F61F50C2F20000007870B1B3
:10B2D000FFE741F61F51C2F2000108788DF80B001C
:10B2E000002008709DF80B0000F0A4FAFFE741F67B
:10B2F0000C50C2F20000007848B1FFE700F05AF9A4
:10B3000041F60C51C2F2000100200870FFE7B7E7D8
:10B3100080B58AB008908DF81F1040F61C00C2F26C
:10B320000000059002305221F4F794FF0598089927
:10B330000978817008994978C1708078102808DCF4
:10B34000FFE740F61C00C2F20000C078112810DBB5
:10B35000FFE740F61C00C2F200008178C2784CF68C
:10B36000F550C0F60000F5F74FFB00208DF82700E0
:10B37000C3E000208DF81E00FFE79DF81E0040F698
:10B380001C01C2F200018978884276DAFFE70020CA
:10B39000ADF81C008DF81B00FFE79DF81B009DF821
:10B3A0001F1088421CDAFFE79DF81E009DF81F1051
:10B3B0009DF81B2000FB012002308DF81A00BDF81B
:10B3C0001C1008989DF81A20805C40EA0120ADF816
:10B3D0001C00FFE79DF81B0001308DF81B00DCE727
:10B3E000BDF81C009DF81E2040F61C01C2F20001B1
:10B3F00001EB4201888000208DF819008DF81800BB
:10B40000FFE79DF8180040F61C01C2F20001C97860
:10B41000884215DAFFE7BDF81C009DF81810C840F7
:10B42000C00730B1FFE79DF8190001308DF8190011
:10B43000FFE7FFE79DF8180001308DF81800E0E7FE
:10B440009DF819009DF81E2040F61C01C2F2000173
:10B4500002310A4482F82A009DF819009DF81E2046
:10B46000114491F83E20104481F83F00FFE79DF819
:10B470001E0001308DF81E007FE70A20F6F7A6F9BE
:10B48000FEF7F4FE40F61C00C2F200000390B0F894
:10B490005C30683004210191A1220292FFF7F0FD97
:10B4A0000199029A0398B0F85C3000F5EE60FFF75E
:10B4B000E7FD03980021C0F8E01E80F8E81E026E48
:10B4C0004FF40071B1FBF2F180F8E61E0121049106
:10B4D00080F8E71E90F8E72E5202A0F8E42E0170E3
:10B4E0008178C278036E4CF61D60C0F60000F5F757
:10B4F0008BFA04988DF82700FFE79DF827000AB023
:10B5000080BD000080B584B0ADF80E00BDF80E001F
:10B5100010284CD1FFE70020C4F202001021F6F7FA
:10B520007FFBE8BBFFE700208DF80C00ADF80A00B8
:10B530000DF10A00FBF776FE8DF809009DF8090071
:10B5400000282CD4FFE79DF809000F2827DCFFE72F
:10B550009DF80A009DF80B209DF80C10000440EAAD
:10B56000022008440190019820F07F400190019B47
:10B570009DF8090000EB400040F24C01C2F20001CE
:10B5800001EB80025068184450609DF8090000EB00
:10B59000400251F82200013041F82200FFE7FFE7A6
:10B5A00043F61441C4F2010110200860FFE704B023
:10B5B00080BD000080B586B0FDF7FCFA40F61C01A6
:10B5C000C2F20001029191F8540001F16803009366
:10B5D0004FF4E162019210FB023005908A6D100E6B
:10B5E00002F47F0340EA132002F47F4340EA032081
:10B5F00040EA0260049005980A6E0244049842F8FA
:10B60000060C0598096E023989B2FEF75BFF0299B4
:10B61000ADF80E00BDF80E20100A40EA0220ADF889
:10B620000C0005980A6E0244BDF80C0022F8020CCA
:10B630000598096E4FF47A7200F08AFF0298816DC6
:10B640004CF6AC50C0F60000F5F7DEF9029905980B
:10B65000896DFEF725FE009B019A029991F854002E
:10B66000013818BF012081F85400886D01308865C9
:10B6700091F8540010FB02300930486606B080BDD6
:10B6800080B501F047F8FEF791FEFFF72DFDFFF7BB
:10B690004FFA00F0F3FA4CF64E60C0F60000F5F7F2
:10B6A000B3F980BD80B582B08DF8070000208DF819
:10B6B00006009DF8070001460091012804D0FFE72D
:10B6C000009802280AD013E040F61C01C2F20001E3
:10B6D0000A20487001208DF8060012E040F61C0197
:10B6E000C2F200011420487001208DF8060008E025
:10B6F0009DF807104CF6A560C0F60000F5F784F938
:10B70000FFE79DF8060008B3FFE740F61C00C2F211
:10B710000000427881784B0049F64041B1FBF3F1DB
:10B72000B1FBF2F1ADF80410BDF80410013941F697
:10B730002052C2F2000292681268916241784CF67F
:10B740008C60C0F60000F5F75FF9FFE79DF8060092
:10B7500002B080BD80B584B04CF6C350C0F6000086
:10B76000F5F752F940F61C00C2F2000002900221E7
:10B77000017041F2EC4200210391815041F62050CA
:10B78000C2F2000001908068FAF73AF801988068E8
:10B790000421F9F7C7FB0299039801F8540F0A78BE
:10B7A0004FF4E16312FB03121D320A61486001206D
:10B7B00004B080BD80B582B04CF6DD50C0F600000C
:10B7C000F5F722F941F62050C2F200000090018AFC
:10B7D0000023019318461A4601F0B4F800F090FFD8
:10B7E000009801998068FAF7F1F8009880680421C0
:10B7F000F9F7ECFC00990198C1F8BC008968096868
:10B800004862FFE741F62050C2F2000081680A68F2
:10B81000116A21F0A001116280680168086A08625B
:10B82000FFE740F61C01C2F200010320087001206E
:10B8300002B080BD80B582B08DF8070040F61C00D4
:10B84000C2F200000078022801D0FFE710E19DF865
:10B85000070001287DD1FFE740F24C00C2F2000052
:10B86000C021F4F7F7FC40F61C01C2F2000141F2DE
:10B87000EC400A58530842F2F942C2F20002137037
:10B88000085800F0010342F2FE40C2F200000370CB
:10B8900092F800C011F8023FBCFBF3F202FB13C3A5
:10B8A00042F2FA42C2F2000213701278114491F887
:10B8B0002A1042F2FC42C2F200021180007878B9EC
:10B8C000FFE742F2FA40C2F20000007841F6205150
:10B8D000C2F20001098A01231A4601F033F80EE092
:10B8E00042F2FA40C2F20000007841F62051C2F262
:10B8F0000001098A0022012301F024F8FFE742F247
:10B90000FA40C2F20000017840F61C00C2F20000CA
:10B9100000EB4100043000F0B1FC0A20F5F778F8A4
:10B9200042F2FC40C2F20000008840B1FFE7002074
:10B93000C4F2020001221146F6F78AF9FFE740F649
:10B940001C01C2F2000141F2EC42885801308850DB
:10B950008EE09DF80700022840F08980FFE741F65D
:10B960002050C2F20000018A0023009318461A46B4
:10B9700000F0E8FF009A0020C4F202000121F6F76F
:10B9800067F940F61C00C2F2000041F2EC41405859
:10B9900000286BD0FFE700208DF806008DF8050029
:10B9A000FFE79DF805000F2830DCFFE79DF8050054
:10B9B00000EB400140F24C00C2F2000050F82100C0
:10B9C000E8B1FFE79DF8050040F61C01C2F2000156
:10B9D000496E42F2FE42C2F20002127802EB4202CB
:10B9E00011449DF8062002EB420201EB4201FEF7F2
:10B9F000EFFB9DF8060001308DF80600FFE7FFE73A
:10BA00009DF8050001308DF80500CAE742F2FE40BE
:10BA1000C2F20000007801280DD1FFE79DF8060072
:10BA200000EB400240F61C01C2F20001486E00EB40
:10BA300042004866FFE740F61C00C2F20000817831
:10BA400049008DF8041041F2EC4142589DF8041071
:10BA5000B2FBF1F000FB112038B9FFE741F60C51C1
:10BA6000C2F2000101200870FFE7FFE7FFE7FFE7F0
:10BA700002B080BD80B58EB08DF837008DF83610DD
:10BA80009DF837009DF8361008440B280BDBFFE7C4
:10BA90009DF837109DF836204DF22B60C0F600005F
:10BAA000F4F7B2FF28E0002001900C900B900A9070
:10BAB00009900890079006900590049003909DF8D7
:10BAC0003700052161F31F108DF820009DF8360026
:10BAD000421C08A803A90291FEF7FCFA02999DF8FE
:10BAE000372042F2FF40C2F20000104401319DF8BD
:10BAF0003620F4F796FBFFE70EB080BD80B582B02C
:10BB00008DF806009DF80600FEF708FB8DF806008C
:10BB10009DF80600FF2804D1FFE700208DF80700FC
:10BB20001FE00020ADF80400ADF802009DF806000B
:10BB3000042161F31F108DF8040001A80DF102012A
:10BB40000222FEF7C7FA9DF803009DF8062042F294
:10BB5000FF41C2F2000188549DF803008DF80700F0
:10BB6000FFE79DF8070002B080BD000085B004909B
:10BB7000039100200290039801380190FFE702989A
:10BB80000199884216DAFFE704980299405C8DF823
:10BB9000030004990198085C029A88549DF80300F8
:10BBA0000499019A88540298013002900198013852
:10BBB0000190E4E705B0704780B58AB0099040F67F
:10BBC0001C00C2F2000000F56E600890099A089807
:10BBD0008179B2FBF1F000FB11208DF81F0009986C
:10BBE00008998979B0FBF1F0069008990A680698DF
:10BBF000C97900FB01200590089800F209400490E3
:10BC000004980599089AD27900F080F938B1FFE7D5
:10BC10004CF66160C0F60000F4F7F6FE2BE0049BE2
:10BC20009DF81F0040F61C01C2F2000101910A6E4E
:10BC300000FB02300390039AA22090710398096ED2
:10BC4000023989B2FEF73EFC0199ADF80A00BDF851
:10BC50000A20100A40EA0220ADF8080003980A6E94
:10BC60000244BDF8080022F8020C0398096E642211
:10BC700000F06EFCFFE70AB080BD000080B592B016
:10BC800000200690119010900F900E900D900C9047
:10BC90000B900A900990089042F21420C2F2000022
:10BCA000F7F7E6F8042807D0FFE74DF2B520C0F615
:10BCB0000000F4F7A9FE26E14DF2C700C0F600002F
:10BCC000F4F7A2FE4DF23800C0F60000F4F79CFE37
:10BCD00042F21420C2F200000490416D806DA0FB7E
:10BCE0000110090D41EA0032030D4DF20110C0F6BA
:10BCF0000000F4F789FE0498816D4DF25830C0F6CB
:10BD00000000F4F781FE0498416D4DF27E10C0F6FC
:10BD10000000F4F779FE0498016E4DF27830C0F619
:10BD20000000F4F771FE0498C16D4DF2B410C0F636
:10BD30000000F4F769FE0498016D4DF23E10C0F664
:10BD40000000F4F761FE0498406C059040B1FFE7F5
:10BD5000059801280BD0FFE7059803280ED014E0C2
:10BD60004CF6C060C0F60000F4F74EFE19E04CF649
:10BD70005670C0F60000F4F747FE12E04DF247207F
:10BD8000C0F60000F4F740FE0BE042F21420C2F2CD
:10BD90000000416C4CF6F660C0F60000F4F734FE8B
:10BDA000FFE742F21420C2F200000CA9F6F7DAFE17
:10BDB00098BBFFE74DF25500C0F60000F4F724FEF3
:10BDC0009DF830104DF22110C0F60000F4F71CFE73
:10BDD0009DF8390001099DF8390000F00F024DF27D
:10BDE000D010C0F60000F4F70FFE0F994DF260106E
:10BDF000C0F60000F4F708FEBDF8420000F00F01A5
:10BE0000BDF842204FF4FA6000EB12124DF2EC1034
:10BE1000C0F60000F4F7F8FDFFE742F21420C2F28A
:10BE2000000008A9F7F73EF8D0B9FFE74DF271001E
:10BE3000C0F60000F4F7E8FD9DF821204DF20F5008
:10BE4000C0F600004DF20B51C0F60001012A08BFF8
:10BE500001464DF23F30C0F60000F4F7D5FDFFE794
:10BE60004FF47A700790FFE742F21420C2F200000C
:10BE7000F6F7FEFF014600200429039008D0FFE7F3
:10BE80000798411E0791002818BF01200390FFE783
:10BE90000398C00720B1FFE70A20F4F7B9FDE3E7F4
:10BEA000079838B9FFE74DF27220C0F60000F4F7AA
:10BEB000ABFD28E04CF69870C0F60000002101911F
:10BEC00001220292F4F7A0FD0199029A42F2142095
:10BED000C2F20000F6F762FD38B9FFE74DF2043018
:10BEE000C0F60000F4F790FD06E04DF20A20C0F61F
:10BEF0000000F4F789FDFFE74DF28F00C0F6000067
:10BF0000F4F782FDFFE712B080BD000080B58AB073
:10BF1000089007918DF81B2001208DF81A00002051
:10BF2000059064200490089820B1FFE79DF81B005D
:10BF300050B9FFE74DF29930C0F60000F4F764FD08
:10BF400001208DF8270085E042F21420C2F20000A3
:10BF5000F6F78EFF04280AD0FFE74DF2AC40C0F69A
:10BF60000000F4F751FD01208DF8270072E00799D9
:10BF70009DF81B204CF6D270C0F60000F4F744FD8B
:10BF8000FFE70598632859D8FFE70899079A9DF8B5
:10BF90001B30EC464FF47A70CCF8000042F21420CB
:10BFA000C2F20000F7F70CFB8DF81A009DF81A009A
:10BFB000C0BBFFE741F288300390FFE742F2142054
:10BFC000C2F20000F6F754FF014600200429029057
:10BFD00008D0FFE70398411E0391002818BF0120F5
:10BFE0000290FFE70298C00720B1FFE76420F4F752
:10BFF0000FFDE3E7039850B1FFE74DF2EA20C0F6EA
:10C000000000F4F701FD00208DF8270022E04DF23A
:10C01000E230C0F60000F4F7F7FC03208DF81A00B8
:10C02000FFE7FFE70598013005900598632804D8DD
:10C03000FFE73220F4F7ECFCFFE7A2E705994DF2A9
:10C040005B40C0F60000F4F7DFFC9DF81A008DF8A5
:10C050002700FFE79DF827000AB080BD80B58AB0B1
:10C06000089007918DF81B2001208DF81A00002000
:10C07000059064200490089820B1FFE79DF81B000C
:10C0800050B9FFE74DF2BD30C0F60000F4F7BCFC3C
:10C0900001208DF82700EDE042F21420C2F20000EA
:10C0A000F6F7E6FE04280AD0FFE74DF2CC40C0F6D2
:10C0B0000000F4F7A9FC01208DF82700DAE00799C9
:10C0C0009DF81B204DF20400C0F60000F4F79CFC24
:10C0D000FFE70598632800F2C180FFE740F20A00FD
:10C0E000C2F200000078002800F0A880FFE740F2CC
:10C0F0000A01C2F20001002008700899079A9DF811
:10C100001B3042F21420C2F20000F7F77DFC8DF8DC
:10C110001A009DF81A0000286DD1FFE741F288301F
:10C120000390FFE740F20A00C2F20000017800200D
:10C13000019041B9FFE70398411E0391002818BF01
:10C1400001200190FFE70198C00720B1FFE76420BC
:10C15000F4F75EFCE6E740F20A00C2F20000007865
:10C16000C0B3FFE741F288300290FFE742F21420AB
:10C17000C2F20000F6F77CFE014600200429009080
:10C1800008D0FFE70298411E0291002818BF012045
:10C190000090FFE70098C00720B1FFE76420F4F7A4
:10C1A00037FCE3E7029850B1FFE74DF22430C0F6C8
:10C1B0000000F4F729FC00208DF827005AE04DF22A
:10C1C0000A40C0F60000F4F71FFC03208DF81A00A7
:10C1D000FFE70FE04DF23440C0F60000F4F714FC26
:10C1E00003208DF81A0040F20A01C2F2000101207A
:10C1F0000870FFE721E09DF81A0002280DD1FFE743
:10C200004DF2ED40C0F60000F4F7FEFB40F20A01EB
:10C21000C2F20001012008700EE09DF81A104CF6E1
:10C220001D70C0F60000F4F7EFFB40F20A01C2F205
:10C23000000101200870FFE7FFE703E002208DF80E
:10C240001A00FFE70598013005900598632804D887
:10C25000FFE76420F4F7DCFBFFE73AE705994DF2CE
:10C260008340C0F60000F4F7CFFB9DF81A008DF86C
:10C270002700FFE79DF827000AB080BD80B584B095
:10C280000390039A042001900221029100F034FCF3
:10C2900001980299FFF7EEFBFEF78EF904B080BD1E
:10C2A00080B594B08DF84F009DF84F00423801469C
:10C2B0001291372800F22B811299DFE811F07400F7
:10C2C000B000280128012801560028012801280172
:10C2D00028012801280128010A01CE002801380080
:10C2E0002801280128012801EC00280192002801DA
:10C2F00028012801280128012801280128017400AB
:10C30000B000280128012801560028012801280131
:10C3100028012801280128010A01CE00280138003F
:10C320002801280128012801EC002801920040F290
:10C330000801C2F200017220087040F60040C4F209
:10C34000020010904FF400510122F5F781FC109883
:10C350004FF4805100221192F5F77AFC1098119A4F
:10C360004FF40061F5F774FCEFE040F20801C2F20F
:10C3700000016720087040F60040C4F202000E90F1
:10C380004FF4005100220F92F5F762FC0E984FF423
:10C3900080510122F5F75CFC0E980F9A4FF4006172
:10C3A000F5F756FCD1E040F20801C2F2000162202C
:10C3B000087040F60040C4F202000D904FF40051A6
:10C3C00000220C92F5F744FC0C9A0D984FF4805122
:10C3D000F5F73EFC0D984FF400610122F5F738FCAB
:10C3E000B3E040F20801C2F200017920087040F683
:10C3F0000040C4F202000B904FF4005101220A9257
:10C40000F5F726FC0A9A0B984FF48051F5F720FCBB
:10C410000B984FF400610022F5F71AFC95E040F20A
:10C420000801C2F200016320087040F60040C4F227
:10C43000020008904FF400510022F5F709FC08981B
:10C440004FF4805101220992F5F702FC0898099AED
:10C450004FF40061F5F7FCFB77E040F20801C2F20F
:10C4600000017020087040F60040C4F202000690FF
:10C470004FF4005101220792F5F7EAFB06984FF4BA
:10C4800080510022F5F7E4FB0698079A4FF400610B
:10C49000F5F7DEFB59E040F20801C2F20001772017
:10C4A000087040F60040C4F2020004904FF40051BE
:10C4B00001220592F5F7CCFB0498059A4FF48051C0
:10C4C000F5F7C6FB0498059A4FF40061F5F7C0FB39
:10C4D0003BE040F20801C2F200016F20087040F614
:10C4E0000040C4F2020002904FF400510022039277
:10C4F000F5F7AEFB0298039A4FF48051F5F7A8FBCD
:10C500000298039A4FF40061F5F7A2FB1DE040F298
:10C510000801C2F200016F20087040F60040C4F22A
:10C52000020000904FF4005100220192F5F790FBB9
:10C530000098019A4FF48051F5F78AFB0098019A10
:10C540004FF40061F5F784FBFFE714B080BD0000F5
:10C5500080B586B004900391029201208DF8070007
:10C5600000200090FFE70098029988423AD2FFE746
:10C5700040F20B00C2F20000007860B3FFE740F227
:10C580000B00C2F200000022027040F20040C4F230
:10C5900002004FF48051F5F75BFB049903980430D7
:10C5A00082B242F2F020C2F20000F7F741FF8DF8AC
:10C5B00007009DF8070068B9FFE70398011D4DF6D5
:10C5C0003E30C0F60000F4F71FFA9DF807008DF822
:10C5D000170013E0FFE70098013000906420FEF799
:10C5E00081F9C0E700994DF68D30C0F60000F4F7F0
:10C5F0000BFA9DF807008DF81700FFE79DF817006C
:10C6000006B080BD80B588B040F21031C2F20001A2
:10C61000D1F80004D1F80414401A6FF39F2007905A
:10C62000079808B9FFE768E0079806900698B0F504
:10C63000807F04D9FFE74FF480700690FFE740F257
:10C640001030C2F20000D0F8040405900598069955
:10C650000844B0F5806F15D8FFE7059940F2103017
:10C66000C2F2000003900144069A00F20940F3F779
:10C67000D8FD03990598069A10446FF39F20C1F8DE
:10C6800004041FE00598C0F580600490059940F20D
:10C690001030C2F2000002900144049A00F20940F6
:10C6A0000190F3F7BEFD02990198049B1844069A85
:10C6B000D21AF3F7B6FD02990698049A801AC1F8C7
:10C6C0000404FFE740F21030C2F20000012180F8BC
:10C6D0000814BDF8182000F2094142F26840C2F285
:10C6E0000000F9F72FFF40B1FFE740F21031C2F22E
:10C6F0000001002081F80804FFE708B080BD0000B9
:10C7000080B50020C4F2020001210022F5F7A0FA52
:10C7100080BD000080B584B0FEF72CFD40F20040E3
:10C72000C4F20200042100220292F5F791FA029A63
:10C7300041F20000C4F2020003908021F5F788FA6C
:10C7400003984FF480710122F5F782FA42F290309B
:10C75000C2F20000F8F740F9FFE741F62051C2F2BB
:10C7600000014868026840F2E730D0624968C8605A
:10C77000FFE741F62051C2F20001009148680268CB
:10C7800040F2E14090624868C968F9F739F80A2038
:10C790000190F5F71BF80098018A002318461A4605
:10C7A00000F0D0F80198F5F711F80098817C084660
:10C7B00000F006F80198F5F709F804B080BD000014
:10C7C00080B584B08DF80F008DF80E1040F2004057
:10C7D000C4F2020004210122F5F73AFA9DF80F0095
:10C7E00000F03F008DF80F009DF80E0000F03F00B4
:10C7F0008DF80E009DF80F004FF00132504341F6C6
:10C800002051C2F200010091C1F88800C1F88400F3
:10C81000C1F88000C8679DF80E005043C1F8B80009
:10C82000C1F8B400C1F8B000C1F8AC0000208862C3
:10C8300048620862C861886148610290FFE7029817
:10C84000032832DCFFE7029B41F62052C2F20002CD
:10C8500002F17C0000EB830C10F8231089009CF897
:10C8600001C041EA1C1103EB43031432D154029B73
:10C8700000EB830C9CF801109CF802C0090141EA0E
:10C880009C0103EB430313445970029900EB8100B0
:10C890008378C07840EA831001EB4101114488702D
:10C8A000FFE7029801300290C9E700200190FFE7FE
:10C8B0000198032833DCFFE7019B41F62052C2F2C6
:10C8C000000202F1AC0000EB830C10F82310890089
:10C8D0009CF801C041EA1C1103EB430314321344DA
:10C8E0001973019B00EB830C9CF801109CF802C0AB
:10C8F000090141EA9C0103EB430313445973019975
:10C9000000EB81008378C07840EA831001EB41019D
:10C9100011448873FFE7019801300190C8E741F6A0
:10C920002050C2F200001430182100F025F940F226
:10C930000040C4F2020004210022F5F789F904B096
:10C9400080BD000080B582B08DF80700ADF80410FE
:10C950008DF803208DF80230BDF804006FF31F300E
:10C96000ADF8040041F62050C2F20000143030212E
:10C97000F3F770FC9DF80700C0F10F008DF8070079
:10C980009DF8020001285CD1FFE79DF80700C00771
:10C9900060BBFFE7BDF804309DF8071001F0FE0012
:10C9A00000EB51009DF8031001EB410100EBC102C7
:10C9B00041F62050C2F2000000F11401885C40EA08
:10C9C00013108854BDF804209DF8073003F0FE00D2
:10C9D00000EB53009DF8033003EB430300EBC3006F
:10C9E0000144487840EA0210487029E09DF80500AB
:10C9F00000F00F039DF80700400800EB40009DF891
:10CA0000031001EB410100EBC10041F62051C2F2DD
:10CA1000000114314218507818435070BDF80420BA
:10CA20009DF80700400800EB40009DF8033003EB41
:10CA3000430300EBC3000144887810438870FFE78C
:10CA4000FFE741F62050C2F200001430302100F020
:10CA500093F802B080BD000080B586B004900391C9
:10CA6000029201208DF8070000200090FFE7009857
:10CA70000299884230D2FFE740F20C00C2F2000077
:10CA8000007810B3FFE740F20C01C2F20001002071
:10CA900008700499BDF80C2042F2B040C2F20000C8
:10CAA000F9F750FD8DF807009DF8070060B9FFE722
:10CAB00003994DF6C920C0F60000F3F7A5FF9DF8D5
:10CAC00007008DF8170013E0FFE700980130009091
:10CAD0006420FDF707FFCAE700994DF6B430C0F6B1
:10CAE0000000F3F791FF9DF807008DF81700FFE7AE
:10CAF0009DF8170006B080BD80B58EB08DF8370068
:10CB00008DF836100C929DF837009DF836100844C9
:10CB10000B280BDBFFE79DF837109DF836204DF210
:10CB20005760C0F60000F3F76FFF22E0002000908E
:10CB30000B900A9009900890079006900590049039
:10CB4000039002909DF83700072161F31F108DF8C4
:10CB50001C0007A8019001300C999DF83620F3F7CE
:10CB600060FB01989DF836104A1C02A9FDF7B2FA45
:10CB7000FFE70EB080BD000080B59CB01B908DF823
:10CB80006B100DF1230001904821F3F763FB41F294
:10CB90000000C4F2020005904FF48071069101225A
:10CBA0000292F5F755F8019A41F62050C2F20000C2
:10CBB00000681B999DF86B30EE464FF47A7CCEF8F6
:10CBC00000C0F7F763FA05988021039100220792CD
:10CBD000F5F73EF802200490F3F71AFF029A039942
:10CBE0000598F5F735F80498F3F712FF03990598BF
:10CBF000079AF5F72DF80498F3F70AFF05980699B8
:10CC0000079AF5F725F81CB080BD00000000000071
:10CC10002DE9F0412DED020B9FED3D0B2DED028B2B
:10CC20009FED3D8BDDE90254C4F30A50A0F2FF36BC
:10CC3000142E37DA002E18DA53EC102B9DED020B70
:10CC400051EC100BF3F739FC53EC182BF3F7DCFC29
:10CC500057D2002CBCBF4FF00044002551DB54EAF2
:10CC6000050018BF2E4C1BD14BE02E4820FA06F7CA
:10CC700004EA070028431FD053EC102B9DED020B54
:10CC800051EC100BF3F719FC53EC182BF3F7BCFC29
:10CC900037D2002C03DD4FF48010F0400444BC4335
:10CCA00000252EE0332E07DCA6F114004FF0FF31F3
:10CCB00021FA00F73D4206D19DED020BBDEC028B3F
:10CCC00002B0BDE8F08153EC102B9DED020B51EC4E
:10CCD000100BF3F796FC53EC182BF3F795FC10D2DE
:10CCE000002C0DDD142E08BF641C09D0C6F13400E1
:10CCF000012101FA00F02844A84238BF641C05460F
:10CD0000BD43CDE902549DED020BD7E700000000C2
:10CD10009C7500883CE4377E0000000000000000A5
:10CD20000000F03FFFFF0F0002E008C8121F08C11B
:10CD3000002AFAD170477047002001E001C1121F9C
:10CD4000002AFBD170470000000000000000010233
:10CD5000030406070809000000000102030400069E
:10CD6000101600061016C409600E920EBA0ECE0EF2
:10CD7000EC0E1E0F5A0FA00FF00F681073746D3376
:10CD80003220696E697420646F6E652E00554152C1
:10CD90005420726563656976656420256420627934
:10CDA000746573206F6620646174610053656E64FE
:10CDB0002064617461207061636B65743A25642E30
:10CDC0000D0A003D3D3D3D3D207374617274206647
:10CDD0006E697273203D3D3D3D3D0D0A003D3D3D78
:10CDE0003D3D2073746F7020664E4952533D3D3D6A
:10CDF0003D3D0D0A00636F6E666967207061726168
:10CE0000206572726F723A20735F6E756D3D256496
:10CE10002C20645F6E756D3D25640D0A00664E49D9
:10CE2000525320636F6E66696720646F6E653A20A7
:10CE3000735F6E756D3D25642C20645F6E756D3D6E
:10CE400025642C20646C656E3D25640D0A00664ED9
:10CE50004952532020696E697420646F6E650D0A13
:10CE600000534420636172642072656164206572BE
:10CE7000726F720D0A0053442063617264207772EE
:10CE8000697465206572726F720D0A007365742093
:10CE900073616D706C6520726174653A2025642041
:10CEA000487A0D0A0073616D706C6520726174655B
:10CEB000206572726F723A20256420487A0D0A004C
:10CEC0002020436172642054797065202020202046
:10CED00020203A205344534320285374616E6461E8
:10CEE00072642043617061636974792C203C3D3227
:10CEF0004742290D0A002020436172642054797052
:10CF000065202020202020203A20556E6B6E6F7700
:10CF10006E2028307825303258290D0A00534420DD
:10CF20007772697465206572726F723A20444D4160
:10CF3000207374617274206661696C656420284591
:10CF400072726F7220636F64653A203078253038D2
:10CF50006C58290D0A0020204361726420547970B6
:10CF600065202020202020203A20534448432F537E
:10CF700044584320284869676820436170616369A9
:10CF800074792F457874656E6465642043617061BF
:10CF900063697479290D0A0045726173696E6720AF
:10CFA00073746F7261676520617265613A205374B2
:10CFB00061727420426C6F636B3D25642C20426C5F
:10CFC0006F636B20436F756E743D25642E2E2E0D9E
:10CFD0000A00534420636172642072656164696E63
:10CFE000673A20416464726573733D256C752C202B
:10CFF000426C6F636B20436F756E743D25752E2EEA
:10D000002E0D0A000D0A534420636172642077726A
:10D010006974696E673A20416464726573733D2573
:10D020006C752C20426C6F636B20436F756E743D82
:10D0300025752E2E2E0D0A00534420436172642064
:10D04000426173696320496E666F726D6174696FC6
:10D050006E3A0D0A0043494420526567697374654E
:10D060007220496E666F726D6174696F6E3A0D0A57
:10D0700000534420436172642053746174757320BB
:10D08000496E666F726D6174696F6E3A0D0A003D8C
:10D090003D3D3D3D3D3D3D3D3D205344204361727E
:10D0A0006420496E697469616C697A6174696F6E34
:10D0B00020436F6D706C657465203D3D3D3D3D3D89
:10D0C0003D3D3D3D0D0A003D3D3D3D3D3D3D3D3D30
:10D0D0003D205344204361726420496E6974696144
:10D0E0006C697A6174696F6E2053756363657373DD
:10D0F00066756C203D3D3D3D3D3D3D3D3D3D0D0A50
:10D10000002020506879736963616C20436170610D
:10D1100063697479203A20256C6C75204D420D0AA4
:10D120000020204D616E75666163747572657220B2
:10D130004944203A203078253032580D0A0020200A
:10D1400052656C6174697665204361726420416444
:10D1500064726573733A203078253034580D0A00B4
:10D16000202053657269616C204E756D6265722076
:10D1700020203A2030782530386C580D0A002020C5
:10D18000426C6F636B20436F756E742020202020EB
:10D19000203A2025640D0A00534420636172642004
:10D1A000756E6B6E6F776E2073746174653A2025AF
:10D1B000640D0A0020204C6F676963616C20426C2B
:10D1C0006F636B20436F756E743A2025640D0A00FF
:10D1D000202050726F64756374205265766973699C
:10D1E0006F6E3A2025642E25640D0A0020204D61C3
:10D1F0006E75666163747572696E672044617465EB
:10D200003A2025642F25640D0A005761726E696EFD
:10D21000673A2053746F726167652061726561209F
:10D220006572617365206661696C65640D0A0053FF
:10D23000442063617264206E6F7420636F6E6E654C
:10D24000637465640D0A0020204361726420547980
:10D250007065202020202020203A205365637572BD
:10D260006564204469676974616C20436172640D70
:10D270000A004572726F723A2053442063617264EF
:10D280002063616E6E6F7420656E746572207472B7
:10D29000616E736665722073746174650D0A005364
:10D2A000442063617264206572726F7220737461CE
:10D2B00074650D0A005344206361726420696E69CD
:10D2C0007469616C697A6174696F6E206661696CFA
:10D2D00065643A20636172642073746174652061CF
:10D2E000626E6F726D616C0D0A005344206361724F
:10D2F000642072656164207375636365737366751A
:10D300006C0D0A0053746F7261676520617265610C
:10D3100020657261736520737563636573736675E9
:10D320006C0D0A0053442063617264207772697443
:10D3300065207375636365737366756C0D0A0020F1
:10D340002053656375726564204D6F6465202020ED
:10D35000203A2025730D0A002020426C6F636B2059
:10D3600053697A65202020202020203A202564203F
:10D3700062797465730D0A0020204C6F67696361E0
:10D380006C20426C6F636B2053697A653A20256488
:10D390002062797465730D0A0053442072656164DC
:10D3A000206572726F723A20496E76616C696420F2
:10D3B000706172616D65746572730D0A005344206B
:10D3C0007772697465206572726F723A20496E7661
:10D3D000616C696420706172616D65746572730D52
:10D3E0000A0053442072656164206572726F723A5C
:10D3F0002052656164206F7065726174696F6E2080
:10D4000074696D656F75740D0A00534420777269F5
:10D410007465206572726F723A2057726974652064
:10D420006F7065726174696F6E2074696D656F7578
:10D43000740D0A0053442077726974652065727216
:10D440006F723A20444D41207472616E736665724A
:10D450002074696D656F75740D0A00534420636113
:10D4600072642072656164206661696C65642C2059
:10D47000726574727920636F756E743A20256C75CD
:10D480000D0A0053442063617264207772697465E9
:10D49000206661696C65642C207265747279206302
:10D4A0006F756E743A20256C750D0A005344207216
:10D4B000656164206572726F723A20436172642004
:10D4C0006E6F742072656164790D0A005344207791
:10D4D00072697465206572726F723A20436172647A
:10D4E000206E6F742072656164790D0A00534420C8
:10D4F0007772697465206572726F723A204465763E
:10D5000069636520627573790D0A004E6F7420534C
:10D510006563757265640041445331323538204784
:10D5200050494F20626974206572726F723A2025EB
:10D5300064202876616C69646174652072616E672D
:10D54000653A20302D37290D0A00414453313235D8
:10D550003820696E6974206572726F723A20726544
:10D560006164204944206572726F7220286578706A
:10D570006563743A203078253032582C2067657402
:10D580003A20307825303258290D0A004144533171
:10D590003235382061646472206572726F723A208D
:10D5A000307825303258206F766572666C6F772040
:10D5B000286D61783A20307825303258290D0A00DC
:10D5C00073696E676C65206368616E6E656C20259B
:10D5D000643A20252E32666D560D0A00646966662F
:10D5E000206368616E6E656C2025643A2030782572
:10D5F00030366C58203D20252E32666D560D0A00BF
:10D600007265676973746572203078253032583AD4
:10D6100020686F70653D3078253032582C20676562
:10D62000743D3078253032580D0A007265616420EF
:10D6300061646472657373206572726F723A2073ED
:10D64000746172743D3078253032582C206E756DBF
:10D65000203D25640D0A0077726974652061646459
:10D6600072206572726F723A2073746172743D3009
:10D6700078253032582C206E756D3D25640D0A00DA
:10D680004144533132353820496E697420446F6EFD
:10D69000650D0A004144533132353820726567699F
:10D6A000737465722076616C69646174652065725B
:10D6B000726F720D0A0041445331323538204750A1
:10D6C000494F25642073657420746F2025730D0AFB
:10D6D0000068696768006C6F7700426174746572F6
:10D6E00079207374617475733A204144433D256415
:10D6F0002C20566F6C746167653D25646D562C2037
:10D7000050657263656E746167653D256425250DFE
:10D710000A004C6F772062617474657279207761BA
:10D72000726E696E673A20256425252072656D61E9
:10D73000696E696E670D0A0041444320636F6E761F
:10D74000657273696F6E2074696D656F7574206F93
:10D7500072206572726F720D0A0043524954494338
:10D76000414C3A2042617474657279206C6576652B
:10D770006C20256425252C2074616B696E672065FB
:10D780006D657267656E637920616374696F6E732E
:10D790000D0A0041444320636F6E76657273696FB2
:10D7A0006E206E6F742072656164790D0A006C6F73
:10D7B0006E672074696D6520636C69636B2C2073E0
:10D7C0007769746368206F66662E0D0A0073696E50
:10D7D000676C6520636C69636B2E0D0A00646F755E
:10D7E000626C6520636C69636B2E00436F6D6D61C5
:10D7F0006E64206465636F6465206572726F723A4F
:10D8000020435243206D69736D61746368202867FB
:10D810006F743A3078253034582C2063616C633A49
:10D82000307825303458290D0A00436F6D6D616ED4
:10D8300064206465636F6465206572726F723A205C
:10D840004461746120746F6F2073686F7274202854
:10D850002564206279746573290D0A005761697423
:10D86000696E6720666F72204553503332206465BD
:10D87000766963652049442E2E2E0D0A0054696D89
:10D88000656F75743A204661696C656420746F2019
:10D89000676574206465766963652049440D0A00F4
:10D8A00044657669636520494420726563656976DD
:10D8B00065643A20253032583A253032583A2530BE
:10D8C00032583A253032583A253032583A253032DB
:10D8D000580D0A00556E6B6E6F776E20636F6D6D1D
:10D8E000616E643A203078253032580D0A00436F5B
:10D8F0006D6D616E64206465636F6465206572722E
:10D900006F723A20496E76616C6964206672616D4F
:10D910006520686561646572203078253034580D63
:10D920000A00496E76616C69642073656E736F726C
:10D93000207479706520696E2073616D706C65204C
:10D940007261746520636F6D6D616E643A20256449
:10D950000D0A00556E6B6E6F776E2073656E736F78
:10D960007220747970653A2025640D0A00664E496C
:10D9700052532073616D706C652072617465207301
:10D98000657420746F3A2025640D0A00556E6B6E25
:10D990006F776E2073656E736F7220747970652077
:10D9A000666F72206461746120737570706C656D50
:10D9B000656E743A2025640D0A00436F6E666967D0
:10D9C00020636F6D6D616E64206572726F723A20B4
:10D9D000496E76616C69642073656E736F72207432
:10D9E0007970652025640D0A00436F6D6D616E646A
:10D9F0002072656365697665643A20747970653D67
:10DA000025642C20636D643D3078253032582C20FD
:10DA10006C656E3D25640D0A004461746120667278
:10DA2000616D6520696E697469616C697A65643AD3
:10DA300020747970653D25642C20636D643D3078D9
:10DA4000253032582C206C656E3D25640D0A00444B
:10DA5000657669636520696E697469616C697A6568
:10DA60006420776974682049442066726F6D20666F
:10DA70006972737420636F6D6D616E640D0A00537B
:10DA8000616D706C65207261746520636F6D6D618E
:10DA90006E64206572726F723A20496E76616C69AD
:10DAA000642064617461206C656E6774680D0A009F
:10DAB000554152542072656365697665642025641A
:10DAC0002062797465730D0A0055415254207472B6
:10DAD000616E736D697420737461727465643A2049
:10DAE000256C752062797465730D0A004461746158
:10DAF000206672616D65206D6F64756C6520696E5E
:10DB0000697469616C697A656420737563636573B0
:10DB10007366756C6C790D0A00436F6D6D616E6490
:10DB200020726573706F6E73652073656E742073F9
:10DB300075636365737366756C6C790D0A00535079
:10DB400049207472616E736D6974207374617274AC
:10DB500065643A20256C752062797465732E200007
:10DB60004352433136207461626C652067656E658F
:10DB70007261746564207769746820706F6C796E67
:10DB80006F6D69616C2030782530345800535049EE
:10DB9000207472616E736D69742074696D656F7540
:10DBA0007420616674657220256C752072657472CC
:10DBB0006965730055415254207472616E736D69CA
:10DBC000742074696D656F75742061667465722068
:10DBD000256C7520726574726965730000DC00083D
:10DBE000000000201800000028CD000818DC000804
:10DBF00018000020F828000038CD000800000000C0
:10DC0000641401000024F4006F010101016F0100A0
:08DC10001000000000000000FC
:040000050800018965
:00000001FF
